Date,Outlet,Orders,ItemsSold,Revenue,NetRevenue,Tax,AOV,Year,Month,MonthName,Day,DayOfWeek,DayName,WeekOfYear,WeekOfMonth,IsWeekend,Quarter,Orders_Lag_1,Revenue_Lag_1,Items_Lag_1,Orders_Lag_7,Revenue_Lag_7,Items_Lag_7,Orders_Lag_14,Revenue_Lag_14,Orders_Lag_28,Revenue_Lag_28,Orders_RollingMean_7,Orders_RollingMean_14,Orders_RollingMean_28,Revenue_RollingMean_7,Revenue_RollingMean_28
2025-01-02,SHOP001,82,94,2007000,1808108.121,198891.87900000002,24475.60975609756,2025,1,January,2,3,Thursday,1,1,0,1,,,,,,,,,,,,,,,
2025-01-03,SHOP001,101,122,2591000,2334234.248,256765.752,25653.465346534653,2025,1,January,3,4,Friday,1,1,0,1,82.0,2007000.0,94.0,,,,,,,,82.0,82.0,82.0,2007000.0,2007000.0
2025-01-04,SHOP001,99,115,2473000,2227927.944,245072.056,24979.79797979798,2025,1,January,4,5,Saturday,1,1,1,1,101.0,2591000.0,122.0,,,,,,,,91.5,91.5,91.5,2299000.0,2299000.0
2025-01-05,SHOP001,90,106,2114000,1904504.519,209495.481,23488.88888888889,2025,1,January,5,6,Sunday,1,1,1,1,99.0,2473000.0,115.0,,,,,,,,94.0,94.0,94.0,2357000.0,2357000.0
2025-01-06,SHOP001,82,90,1885000,1698198.207,186801.793,22987.80487804878,2025,1,January,6,0,Monday,2,1,0,1,90.0,2114000.0,106.0,,,,,,,,93.0,93.0,93.0,2296250.0,2296250.0
2025-01-07,SHOP001,96,111,2472000,2227027.039,244972.961,25750.0,2025,1,January,7,1,Tuesday,2,1,0,1,82.0,1885000.0,90.0,,,,,,,,90.8,90.8,90.8,2214000.0,2214000.0
2025-01-08,SHOP001,110,125,2646000,2383783.798,262216.202,24054.545454545456,2025,1,January,8,2,Wednesday,2,2,0,1,96.0,2472000.0,111.0,,,,,,,,91.66666666666667,91.66666666666667,91.66666666666667,2257000.0,2257000.0
2025-01-09,SHOP001,72,85,1959000,1764864.875,194135.125,27208.333333333332,2025,1,January,9,3,Thursday,2,2,0,1,110.0,2646000.0,125.0,82.0,2007000.0,94.0,,,,,94.28571428571429,94.28571428571429,94.28571428571429,2312571.4285714286,2312571.4285714286
2025-01-10,SHOP001,90,103,2113000,1903603.616,209396.384,23477.777777777777,2025,1,January,10,4,Friday,2,2,0,1,72.0,1959000.0,85.0,101.0,2591000.0,122.0,,,,,92.85714285714286,91.5,91.5,2305714.285714286,2268375.0
2025-01-11,SHOP001,77,90,1931000,1739639.652,191360.348,25077.922077922078,2025,1,January,11,5,Saturday,2,2,1,1,90.0,2113000.0,103.0,99.0,2473000.0,115.0,,,,,91.28571428571429,91.33333333333333,91.33333333333333,2237428.5714285714,2251111.111111111
2025-01-12,SHOP001,99,113,2365000,2130630.642,234369.358,23888.88888888889,2025,1,January,12,6,Sunday,2,2,1,1,77.0,1931000.0,90.0,90.0,2114000.0,106.0,,,,,88.14285714285714,89.9,89.9,2160000.0,2219100.0
2025-01-13,SHOP001,78,87,1908000,1718918.929,189081.071,24461.53846153846,2025,1,January,13,0,Monday,3,2,0,1,99.0,2365000.0,113.0,82.0,1885000.0,90.0,,,,,89.42857142857143,90.72727272727273,90.72727272727273,2195857.1428571427,2232363.6363636362
2025-01-14,SHOP001,88,103,2213000,1993693.704,219306.296,25147.727272727272,2025,1,January,14,1,Tuesday,3,2,0,1,78.0,1908000.0,87.0,96.0,2472000.0,111.0,,,,,88.85714285714286,89.66666666666667,89.66666666666667,2199142.8571428573,2205333.3333333335
2025-01-15,SHOP001,93,106,2229000,2008108.122,220891.878,23967.74193548387,2025,1,January,15,2,Wednesday,3,3,0,1,88.0,2213000.0,103.0,110.0,2646000.0,125.0,,,,,87.71428571428571,89.53846153846153,89.53846153846153,2162142.8571428573,2205923.076923077
2025-01-16,SHOP001,92,101,1998000,1800000.013,197999.987,21717.391304347828,2025,1,January,16,3,Thursday,3,3,0,1,93.0,2229000.0,106.0,72.0,1959000.0,85.0,82.0,2007000.0,,,85.28571428571429,89.78571428571429,89.78571428571429,2102571.4285714286,2207571.4285714286
2025-01-17,SHOP001,70,81,1783000,1606306.313,176693.687,25471.428571428572,2025,1,January,17,4,Friday,3,3,0,1,92.0,1998000.0,101.0,90.0,2113000.0,103.0,101.0,2591000.0,,,88.14285714285714,90.5,89.93333333333334,2108142.8571428573,2193600.0
2025-01-18,SHOP001,92,108,2231000,2009909.92,221090.08000000002,24250.0,2025,1,January,18,5,Saturday,3,3,1,1,70.0,1783000.0,81.0,77.0,1931000.0,90.0,99.0,2473000.0,,,85.28571428571429,88.28571428571429,88.6875,2061000.0,2167937.5
2025-01-19,SHOP001,79,93,1981000,1784684.699,196315.301,25075.949367088608,2025,1,January,19,6,Sunday,3,3,1,1,92.0,2231000.0,108.0,99.0,2365000.0,113.0,90.0,2114000.0,,,87.42857142857143,87.78571428571429,88.88235294117646,2103857.1428571427,2171647.0588235296
2025-01-20,SHOP001,89,107,2309000,2080180.193,228819.807,25943.8202247191,2025,1,January,20,0,Monday,4,3,0,1,79.0,1981000.0,93.0,78.0,1908000.0,87.0,82.0,1885000.0,,,84.57142857142857,87.0,88.33333333333333,2049000.0,2161055.5555555555
2025-01-21,SHOP001,88,108,2237000,2015315.328,221684.672,25420.454545454544,2025,1,January,21,1,Tuesday,4,3,0,1,89.0,2309000.0,107.0,88.0,2213000.0,103.0,96.0,2472000.0,,,86.14285714285714,87.5,88.36842105263158,2106285.714285714,2168842.1052631577
2025-01-22,SHOP001,80,99,2178000,1962162.173,215837.827,27225.0,2025,1,January,22,2,Wednesday,4,4,0,1,88.0,2237000.0,108.0,93.0,2229000.0,106.0,110.0,2646000.0,,,86.14285714285714,86.92857142857143,88.35,2109714.285714286,2172250.0
2025-01-23,SHOP001,103,115,2469000,2224324.341,244675.659,23970.873786407767,2025,1,January,23,3,Thursday,4,4,0,1,80.0,2178000.0,99.0,92.0,1998000.0,101.0,72.0,1959000.0,,,84.28571428571429,84.78571428571429,87.95238095238095,2102428.5714285714,2172523.8095238097
2025-01-24,SHOP001,95,107,2272000,2046846.862,225153.138,23915.78947368421,2025,1,January,24,4,Friday,4,4,0,1,103.0,2469000.0,115.0,70.0,1783000.0,81.0,90.0,2113000.0,,,85.85714285714286,87.0,88.63636363636364,2169714.285714286,2186000.0
2025-01-25,SHOP001,85,97,2058000,1854054.0659999999,203945.934,24211.764705882353,2025,1,January,25,5,Saturday,4,4,1,1,95.0,2272000.0,107.0,92.0,2231000.0,108.0,77.0,1931000.0,,,89.42857142857143,87.35714285714286,88.91304347826087,2239571.4285714286,2189739.1304347827
2025-01-26,SHOP001,81,93,2058000,1854054.0659999999,203945.934,25407.40740740741,2025,1,January,26,6,Sunday,4,4,1,1,85.0,2058000.0,97.0,79.0,1981000.0,93.0,99.0,2365000.0,,,88.42857142857143,87.92857142857143,88.75,2214857.1428571427,2184250.0
2025-01-27,SHOP001,74,86,1766000,1590990.998,175009.002,23864.864864864863,2025,1,January,27,0,Monday,5,4,0,1,81.0,2058000.0,93.0,89.0,2309000.0,107.0,78.0,1908000.0,,,88.71428571428571,86.64285714285714,88.44,2225857.1428571427,2179200.0
2025-01-28,SHOP001,88,98,2153000,1939639.648,213360.352,24465.909090909092,2025,1,January,28,1,Tuesday,5,4,0,1,74.0,1766000.0,86.0,88.0,2237000.0,108.0,88.0,2213000.0,,,86.57142857142857,86.35714285714286,87.88461538461539,2148285.714285714,2163307.6923076925
2025-01-29,SHOP001,85,98,2115000,1905405.417,209594.583,24882.352941176472,2025,1,January,29,2,Wednesday,5,5,0,1,88.0,2153000.0,98.0,80.0,2178000.0,99.0,93.0,2229000.0,,,86.57142857142857,86.35714285714286,87.88888888888889,2136285.714285714,2162925.925925926
2025-01-30,SHOP001,90,97,2118000,1908108.119,209891.881,23533.333333333332,2025,1,January,30,3,Thursday,5,5,0,1,85.0,2115000.0,98.0,103.0,2469000.0,115.0,92.0,1998000.0,82.0,2007000.0,87.28571428571429,85.78571428571429,87.78571428571429,2127285.714285714,2161214.285714286
2025-01-31,SHOP001,98,114,2359000,2125225.239,233774.761,24071.428571428572,2025,1,January,31,4,Friday,5,5,0,1,90.0,2118000.0,97.0,95.0,2272000.0,107.0,70.0,1783000.0,101.0,2591000.0,85.42857142857143,85.64285714285714,88.07142857142857,2077142.857142857,2165178.5714285714
2025-02-01,SHOP001,111,129,2762000,2488288.302,273711.698,24882.882882882885,2025,2,February,1,5,Saturday,5,1,1,1,98.0,2359000.0,114.0,85.0,2058000.0,97.0,92.0,2231000.0,99.0,2473000.0,85.85714285714286,87.64285714285714,87.96428571428571,2089571.4285714286,2156892.8571428573
2025-02-02,SHOP001,102,112,2388000,2151351.367,236648.633,23411.764705882353,2025,2,February,2,6,Sunday,5,1,1,1,111.0,2762000.0,129.0,81.0,2058000.0,93.0,79.0,1981000.0,90.0,2114000.0,89.57142857142857,89.0,88.39285714285714,2190142.8571428573,2167214.285714286
2025-02-03,SHOP001,105,117,2420000,2180180.195,239819.805,23047.619047619046,2025,2,February,3,0,Monday,6,1,0,1,102.0,2388000.0,112.0,74.0,1766000.0,86.0,89.0,2309000.0,82.0,1885000.0,92.57142857142857,90.64285714285714,88.82142857142857,2237285.714285714,2177000.0
2025-02-04,SHOP001,109,125,2770000,2495495.51,274504.49,25412.844036697246,2025,2,February,4,1,Tuesday,6,1,0,1,105.0,2420000.0,117.0,88.0,2153000.0,98.0,88.0,2237000.0,96.0,2472000.0,97.0,91.78571428571429,89.64285714285714,2330714.285714286,2196107.1428571427
2025-02-05,SHOP001,108,128,2778000,2502702.717,275297.283,25722.222222222223,2025,2,February,5,2,Wednesday,6,1,0,1,109.0,2770000.0,125.0,85.0,2115000.0,98.0,80.0,2178000.0,110.0,2646000.0,100.0,93.28571428571429,90.10714285714286,2418857.1428571427,2206750.0
2025-02-06,SHOP001,98,106,2229000,2008108.12,220891.88,22744.897959183672,2025,2,February,6,3,Thursday,6,1,0,1,108.0,2778000.0,128.0,90.0,2118000.0,97.0,103.0,2469000.0,72.0,1959000.0,103.28571428571429,95.28571428571429,90.03571428571429,2513571.4285714286,2211464.285714286
2025-02-07,SHOP001,102,120,2604000,2345945.962,258054.038,25529.41176470588,2025,2,February,7,4,Friday,6,1,0,1,98.0,2229000.0,106.0,98.0,2359000.0,114.0,95.0,2272000.0,90.0,2113000.0,104.42857142857143,94.92857142857143,90.96428571428571,2529428.5714285714,2221107.1428571427
2025-02-08,SHOP001,104,122,2512000,2263063.077,248936.923,24153.846153846152,2025,2,February,8,5,Saturday,6,2,1,1,102.0,2604000.0,120.0,111.0,2762000.0,129.0,85.0,2058000.0,77.0,1931000.0,105.0,95.42857142857143,91.39285714285714,2564428.5714285714,2238642.8571428573
2025-02-09,SHOP001,118,138,3068000,2763963.979,304036.021,26000.0,2025,2,February,9,6,Sunday,6,2,1,1,104.0,2512000.0,122.0,102.0,2388000.0,112.0,81.0,2058000.0,99.0,2365000.0,104.0,96.78571428571429,92.35714285714286,2528714.285714286,2259392.8571428573
2025-02-10,SHOP001,117,136,2974000,2679279.293,294720.707,25418.803418803418,2025,2,February,10,0,Monday,7,2,0,1,118.0,3068000.0,138.0,105.0,2420000.0,117.0,74.0,1766000.0,78.0,1908000.0,106.28571428571429,99.42857142857143,93.03571428571429,2625857.1428571427,2284500.0
2025-02-11,SHOP001,109,119,2456000,2212612.625,243387.375,22532.110091743118,2025,2,February,11,1,Tuesday,7,2,0,1,117.0,2974000.0,136.0,109.0,2770000.0,125.0,88.0,2153000.0,88.0,2213000.0,108.0,102.5,94.42857142857143,2705000.0,2322571.4285714286
2025-02-12,SHOP001,106,124,2568000,2313513.529,254486.471,24226.415094339623,2025,2,February,12,2,Wednesday,7,2,0,1,109.0,2456000.0,119.0,108.0,2778000.0,128.0,85.0,2115000.0,93.0,2229000.0,108.0,104.0,95.17857142857143,2660142.8571428573,2331250.0
2025-02-13,SHOP001,105,124,2606000,2347747.762,258252.238,24819.04761904762,2025,2,February,13,3,Thursday,7,2,0,1,106.0,2568000.0,124.0,98.0,2229000.0,106.0,90.0,2118000.0,92.0,1998000.0,107.71428571428571,105.5,95.64285714285714,2630142.8571428573,2343357.1428571427
2025-02-14,SHOP001,104,120,2563000,2309009.021,253990.979,24644.23076923077,2025,2,February,14,4,Friday,7,2,0,1,105.0,2606000.0,124.0,102.0,2604000.0,120.0,98.0,2359000.0,70.0,1783000.0,108.71428571428571,106.57142857142857,96.10714285714286,2684000.0,2365071.4285714286
2025-02-15,SHOP001,97,108,2281000,2054954.966,226045.034,23515.463917525773,2025,2,February,15,5,Saturday,7,3,1,1,104.0,2563000.0,120.0,104.0,2512000.0,122.0,111.0,2762000.0,92.0,2231000.0,109.0,107.0,97.32142857142857,2678142.8571428573,2392928.5714285714
2025-02-16,SHOP001,101,117,2504000,2255855.871,248144.12900000002,24792.079207920793,2025,2,February,16,6,Sunday,7,3,1,1,97.0,2281000.0,108.0,118.0,3068000.0,138.0,102.0,2388000.0,79.0,1981000.0,108.0,106.0,97.5,2645142.8571428573,2394714.285714286
2025-02-17,SHOP001,118,147,3139000,2827927.944,311072.056,26601.694915254237,2025,2,February,17,0,Monday,8,3,0,1,101.0,2504000.0,117.0,117.0,2974000.0,136.0,105.0,2420000.0,89.0,2309000.0,105.57142857142857,105.92857142857143,98.28571428571429,2564571.4285714286,2413392.8571428573
2025-02-18,SHOP001,119,134,2862000,2578378.396,283621.604,24050.420168067227,2025,2,February,18,1,Tuesday,8,3,0,1,118.0,3139000.0,147.0,109.0,2456000.0,119.0,109.0,2770000.0,88.0,2237000.0,105.71428571428571,106.85714285714286,99.32142857142857,2588142.8571428573,2443035.714285714
2025-02-19,SHOP001,95,111,2246000,2023423.44,222576.56,23642.105263157893,2025,2,February,19,2,Wednesday,8,3,0,1,119.0,2862000.0,134.0,106.0,2568000.0,124.0,108.0,2778000.0,80.0,2178000.0,107.14285714285714,107.57142857142857,100.42857142857143,2646142.8571428573,2465357.1428571427
2025-02-20,SHOP001,95,108,2342000,2109909.923,232090.077,24652.63157894737,2025,2,February,20,3,Thursday,8,3,0,1,95.0,2246000.0,111.0,105.0,2606000.0,124.0,98.0,2229000.0,103.0,2469000.0,105.57142857142857,106.64285714285714,100.96428571428571,2600142.8571428573,2467785.714285714
2025-02-21,SHOP001,83,97,2045000,1842342.354,202657.646,24638.55421686747,2025,2,February,21,4,Friday,8,3,0,1,95.0,2342000.0,108.0,104.0,2563000.0,120.0,102.0,2604000.0,95.0,2272000.0,104.14285714285714,106.42857142857143,100.67857142857143,2562428.5714285714,2463250.0
2025-02-22,SHOP001,112,131,2885000,2599099.114,285900.886,25758.928571428572,2025,2,February,22,5,Saturday,8,4,1,1,83.0,2045000.0,97.0,97.0,2281000.0,108.0,104.0,2512000.0,85.0,2058000.0,101.14285714285714,105.07142857142857,100.25,2488428.5714285714,2455142.8571428573
2025-02-23,SHOP001,118,142,3096000,2789189.205,306810.795,26237.28813559322,2025,2,February,23,6,Sunday,8,4,1,1,112.0,2885000.0,131.0,101.0,2504000.0,117.0,118.0,3068000.0,81.0,2058000.0,103.28571428571429,105.64285714285714,101.21428571428571,2574714.285714286,2484678.5714285714
2025-02-24,SHOP001,108,126,2669000,2404504.518,264495.482,24712.962962962964,2025,2,February,24,0,Monday,9,4,0,1,118.0,3096000.0,142.0,118.0,3139000.0,147.0,117.0,2974000.0,74.0,1766000.0,105.71428571428571,105.64285714285714,102.53571428571429,2659285.714285714,2521750.0
2025-02-25,SHOP001,105,122,2537000,2285585.599,251414.401,24161.904761904763,2025,2,February,25,1,Tuesday,9,4,0,1,108.0,2669000.0,126.0,119.0,2862000.0,134.0,109.0,2456000.0,88.0,2153000.0,104.28571428571429,105.0,103.75,2592142.8571428573,2554000.0
2025-02-26,SHOP001,105,125,2539000,2287387.399,251612.601,24180.95238095238,2025,2,February,26,2,Wednesday,9,4,0,1,105.0,2537000.0,122.0,95.0,2246000.0,111.0,106.0,2568000.0,85.0,2115000.0,102.28571428571429,104.71428571428571,104.35714285714286,2545714.285714286,2567714.285714286
2025-02-27,SHOP001,102,122,2578000,2322522.537,255477.463,25274.50980392157,2025,2,February,27,3,Thursday,9,4,0,1,105.0,2539000.0,125.0,95.0,2342000.0,108.0,105.0,2606000.0,90.0,2118000.0,103.71428571428571,104.64285714285714,105.07142857142857,2587571.4285714286,2582857.1428571427
2025-02-28,SHOP001,95,107,2308000,2079279.293,228720.707,24294.736842105263,2025,2,February,28,4,Friday,9,4,0,1,102.0,2578000.0,122.0,83.0,2045000.0,97.0,104.0,2563000.0,98.0,2359000.0,104.71428571428571,104.42857142857143,105.5,2621285.714285714,2599285.714285714
2025-03-01,SHOP001,76,84,1798000,1619819.829,178180.171,23657.894736842107,2025,3,March,1,5,Saturday,9,1,1,1,95.0,2308000.0,107.0,112.0,2885000.0,131.0,97.0,2281000.0,111.0,2762000.0,106.42857142857143,103.78571428571429,105.39285714285714,2658857.1428571427,2597464.285714286
2025-03-02,SHOP001,81,96,1917000,1727027.042,189972.958,23666.666666666668,2025,3,March,2,6,Sunday,9,1,1,1,76.0,1798000.0,84.0,118.0,3096000.0,142.0,101.0,2504000.0,102.0,2388000.0,101.28571428571429,102.28571428571429,104.14285714285714,2503571.4285714286,2563035.714285714
2025-03-03,SHOP001,96,107,2370000,2135135.147,234864.853,24687.5,2025,3,March,3,0,Monday,10,1,0,1,81.0,1917000.0,96.0,108.0,2669000.0,126.0,118.0,3139000.0,105.0,2420000.0,96.0,100.85714285714286,103.39285714285714,2335142.8571428573,2546214.285714286
2025-03-04,SHOP001,115,131,2750000,2477477.494,272522.506,23913.043478260868,2025,3,March,4,1,Tuesday,10,1,0,1,96.0,2370000.0,107.0,105.0,2537000.0,122.0,119.0,2862000.0,109.0,2770000.0,94.28571428571429,99.28571428571429,103.07142857142857,2292428.5714285714,2544428.5714285714
2025-03-05,SHOP001,88,101,2226000,2005405.418,220594.582,25295.454545454544,2025,3,March,5,2,Wednesday,10,1,0,1,115.0,2750000.0,131.0,105.0,2539000.0,125.0,95.0,2246000.0,108.0,2778000.0,95.71428571428571,99.0,103.28571428571429,2322857.1428571427,2543714.285714286
2025-03-06,SHOP001,102,117,2496000,2248648.661,247351.339,24470.58823529412,2025,3,March,6,3,Thursday,10,1,0,1,88.0,2226000.0,101.0,102.0,2578000.0,122.0,95.0,2342000.0,98.0,2229000.0,93.28571428571429,98.5,102.57142857142857,2278142.8571428573,2524000.0
2025-03-07,SHOP001,78,89,1775000,1599099.108,175900.892,22756.410256410258,2025,3,March,7,4,Friday,10,1,0,1,102.0,2496000.0,117.0,95.0,2308000.0,107.0,83.0,2045000.0,102.0,2604000.0,93.28571428571429,99.0,102.71428571428571,2266428.5714285714,2533535.714285714
2025-03-08,SHOP001,91,102,2198000,1980180.193,217819.807,24153.846153846152,2025,3,March,8,5,Saturday,10,2,1,1,78.0,1775000.0,89.0,76.0,1798000.0,84.0,112.0,2885000.0,104.0,2512000.0,90.85714285714286,98.64285714285714,101.85714285714286,2190285.714285714,2503928.5714285714
2025-03-09,SHOP001,99,113,2521000,2271171.183,249828.817,25464.646464646463,2025,3,March,9,6,Sunday,10,2,1,1,91.0,2198000.0,102.0,81.0,1917000.0,96.0,118.0,3096000.0,118.0,3068000.0,93.0,97.14285714285714,101.39285714285714,2247428.5714285714,2492714.285714286
2025-03-10,SHOP001,105,118,2483000,2236936.951,246063.049,23647.619047619046,2025,3,March,10,0,Monday,11,2,0,1,99.0,2521000.0,113.0,96.0,2370000.0,107.0,108.0,2669000.0,117.0,2974000.0,95.57142857142857,95.78571428571429,100.71428571428571,2333714.285714286,2473178.5714285714
2025-03-11,SHOP001,93,106,2292000,2064864.878,227135.122,24645.16129032258,2025,3,March,11,1,Tuesday,11,2,0,1,105.0,2483000.0,118.0,115.0,2750000.0,131.0,105.0,2537000.0,109.0,2456000.0,96.85714285714286,95.57142857142857,100.28571428571429,2349857.1428571427,2455642.8571428573
2025-03-12,SHOP001,97,109,2348000,2115315.33,232684.67,24206.18556701031,2025,3,March,12,2,Wednesday,11,2,0,1,93.0,2292000.0,106.0,88.0,2226000.0,101.0,105.0,2539000.0,106.0,2568000.0,93.71428571428571,94.71428571428571,99.71428571428571,2284428.5714285714,2449785.714285714
2025-03-13,SHOP001,95,111,2269000,2044144.157,224855.843,23884.21052631579,2025,3,March,13,3,Thursday,11,2,0,1,97.0,2348000.0,109.0,102.0,2496000.0,117.0,102.0,2578000.0,105.0,2606000.0,95.0,94.14285714285714,99.39285714285714,2301857.1428571427,2441928.5714285714
2025-03-14,SHOP001,95,113,2427000,2186486.5,240513.5,25547.36842105263,2025,3,March,14,4,Friday,11,2,0,1,95.0,2269000.0,111.0,78.0,1775000.0,89.0,95.0,2308000.0,104.0,2563000.0,94.0,93.64285714285714,99.03571428571429,2269428.5714285714,2429892.8571428573
2025-03-15,SHOP001,94,103,2065000,1860360.375,204639.625,21968.08510638298,2025,3,March,15,5,Saturday,11,3,1,1,95.0,2427000.0,113.0,91.0,2198000.0,102.0,76.0,1798000.0,97.0,2281000.0,96.42857142857143,93.64285714285714,98.71428571428571,2362571.4285714286,2425035.714285714
2025-03-16,SHOP001,82,95,2077000,1871171.186,205828.814,25329.268292682926,2025,3,March,16,6,Sunday,11,3,1,1,94.0,2065000.0,103.0,99.0,2521000.0,113.0,81.0,1917000.0,101.0,2504000.0,96.85714285714286,94.92857142857143,98.60714285714286,2343571.4285714286,2417321.4285714286
2025-03-17,SHOP001,81,95,2052000,1848648.662,203351.338,25333.333333333332,2025,3,March,17,0,Monday,12,3,0,1,82.0,2077000.0,95.0,105.0,2483000.0,118.0,96.0,2370000.0,118.0,3139000.0,94.42857142857143,95.0,97.92857142857143,2280142.8571428573,2402071.4285714286
2025-03-18,SHOP001,101,120,2554000,2300900.915,253099.085,25287.128712871287,2025,3,March,18,1,Tuesday,12,3,0,1,81.0,2052000.0,95.0,93.0,2292000.0,106.0,115.0,2750000.0,119.0,2862000.0,91.0,93.92857142857143,96.60714285714286,2218571.4285714286,2363250.0
2025-03-19,SHOP001,88,105,2352000,2118918.931,233081.069,26727.272727272728,2025,3,March,19,2,Wednesday,12,3,0,1,101.0,2554000.0,120.0,97.0,2348000.0,109.0,88.0,2226000.0,95.0,2246000.0,92.14285714285714,92.92857142857143,95.96428571428571,2256000.0,2352250.0
2025-03-20,SHOP001,94,114,2402000,2163963.975,238036.025,25553.191489361703,2025,3,March,20,3,Thursday,12,3,0,1,88.0,2352000.0,105.0,95.0,2269000.0,111.0,102.0,2496000.0,95.0,2342000.0,90.85714285714286,92.92857142857143,95.71428571428571,2256571.4285714286,2356035.714285714
2025-03-21,SHOP001,92,102,2253000,2029729.7419999999,223270.258,24489.130434782608,2025,3,March,21,4,Friday,12,3,0,1,94.0,2402000.0,114.0,95.0,2427000.0,113.0,78.0,1775000.0,83.0,2045000.0,90.71428571428571,92.35714285714286,95.67857142857143,2275571.4285714286,2358178.5714285714
2025-03-22,SHOP001,76,82,1695000,1527027.039,167972.961,22302.63157894737,2025,3,March,22,5,Saturday,12,4,1,1,92.0,2253000.0,102.0,94.0,2065000.0,103.0,91.0,2198000.0,112.0,2885000.0,90.28571428571429,93.35714285714286,96.0,2250714.285714286,2365607.1428571427
2025-03-23,SHOP001,85,98,2115000,1905405.417,209594.583,24882.352941176472,2025,3,March,23,6,Sunday,12,4,1,1,76.0,1695000.0,82.0,82.0,2077000.0,95.0,99.0,2521000.0,118.0,3096000.0,87.71428571428571,92.28571428571429,94.71428571428571,2197857.1428571427,2323107.1428571427
2025-03-24,SHOP001,97,113,2515000,2265765.778,249234.222,25927.835051546394,2025,3,March,24,0,Monday,13,4,0,1,85.0,2115000.0,98.0,81.0,2052000.0,95.0,105.0,2483000.0,108.0,2669000.0,88.14285714285714,91.28571428571429,93.53571428571429,2203285.714285714,2288071.4285714286
2025-03-25,SHOP001,96,114,2357000,2123423.438,233576.562,24552.083333333332,2025,3,March,25,1,Tuesday,13,4,0,1,97.0,2515000.0,113.0,101.0,2554000.0,120.0,93.0,2292000.0,105.0,2537000.0,90.42857142857143,90.71428571428571,93.14285714285714,2269428.5714285714,2282571.4285714286
2025-03-26,SHOP001,74,84,1870000,1684684.696,185315.304,25270.27027027027,2025,3,March,26,2,Wednesday,13,4,0,1,96.0,2357000.0,114.0,88.0,2352000.0,105.0,97.0,2348000.0,105.0,2539000.0,89.71428571428571,90.92857142857143,92.82142857142857,2241285.714285714,2276142.8571428573
2025-03-27,SHOP001,102,115,2545000,2292792.805,252207.195,24950.980392156864,2025,3,March,27,3,Thursday,13,4,0,1,74.0,1870000.0,84.0,94.0,2402000.0,114.0,95.0,2269000.0,102.0,2578000.0,87.71428571428571,89.28571428571429,91.71428571428571,2172428.5714285714,2252250.0
2025-03-28,SHOP001,96,109,2370000,2135135.149,234864.851,24687.5,2025,3,March,28,4,Friday,13,4,0,1,102.0,2545000.0,115.0,92.0,2253000.0,102.0,95.0,2427000.0,95.0,2308000.0,88.85714285714286,89.78571428571429,91.71428571428571,2192857.1428571427,2251071.4285714286
2025-03-29,SHOP001,99,113,2358000,2124324.337,233675.663,23818.18181818182,2025,3,March,29,5,Saturday,13,5,1,1,96.0,2370000.0,109.0,76.0,1695000.0,82.0,94.0,2065000.0,76.0,1798000.0,89.42857142857143,89.85714285714286,91.75,2209571.4285714286,2253285.714285714
2025-03-30,SHOP001,98,114,2398000,2160360.375,237639.625,24469.38775510204,2025,3,March,30,6,Sunday,13,5,1,1,99.0,2358000.0,113.0,85.0,2115000.0,98.0,82.0,2077000.0,81.0,1917000.0,92.71428571428571,90.21428571428571,92.57142857142857,2304285.714285714,2273285.714285714
2025-03-31,SHOP001,100,114,2467000,2222522.534,244477.466,24670.0,2025,3,March,31,0,Monday,14,5,0,1,98.0,2398000.0,114.0,97.0,2515000.0,113.0,81.0,2052000.0,96.0,2370000.0,94.57142857142857,91.35714285714286,93.17857142857143,2344714.285714286,2290464.285714286
2025-04-01,SHOP001,85,101,2090000,1882882.895,207117.105,24588.235294117647,2025,4,April,1,1,Tuesday,14,1,0,2,100.0,2467000.0,114.0,96.0,2357000.0,114.0,101.0,2554000.0,115.0,2750000.0,95.0,92.71428571428571,93.32142857142857,2337857.1428571427,2293928.5714285714
2025-04-02,SHOP001,100,115,2525000,2274774.792,250225.208,25250.0,2025,4,April,2,2,Wednesday,14,1,0,2,85.0,2090000.0,101.0,74.0,1870000.0,84.0,88.0,2352000.0,88.0,2226000.0,93.42857142857143,91.57142857142857,92.25,2299714.285714286,2270357.1428571427
2025-04-03,SHOP001,95,113,2427000,2186486.501,240513.499,25547.36842105263,2025,4,April,3,3,Thursday,14,1,0,2,100.0,2525000.0,115.0,102.0,2545000.0,115.0,94.0,2402000.0,102.0,2496000.0,97.14285714285714,92.42857142857143,92.67857142857143,2393285.714285714,2281035.714285714
2025-04-04,SHOP001,101,111,2337000,2105405.418,231594.582,23138.61386138614,2025,4,April,4,4,Friday,14,1,0,2,95.0,2427000.0,113.0,96.0,2370000.0,109.0,92.0,2253000.0,78.0,1775000.0,96.14285714285714,92.5,92.42857142857143,2376428.5714285714,2278571.4285714286
2025-04-05,SHOP001,101,116,2482000,2236036.049,245963.951,24574.257425742573,2025,4,April,5,5,Saturday,14,1,1,2,101.0,2337000.0,111.0,99.0,2358000.0,113.0,76.0,1695000.0,91.0,2198000.0,96.85714285714286,93.14285714285714,93.25,2371714.285714286,2298642.8571428573
2025-04-06,SHOP001,98,110,2379000,2143243.259,235756.741,24275.51020408163,2025,4,April,6,6,Sunday,14,1,1,2,101.0,2482000.0,116.0,98.0,2398000.0,114.0,85.0,2115000.0,99.0,2521000.0,97.14285714285714,94.92857142857143,93.60714285714286,2389428.5714285714,2308785.714285714
2025-04-07,SHOP001,83,95,2027000,1826126.139,200873.861,24421.68674698795,2025,4,April,7,0,Monday,15,1,0,2,98.0,2379000.0,110.0,100.0,2467000.0,114.0,97.0,2515000.0,105.0,2483000.0,97.14285714285714,95.85714285714286,93.57142857142857,2386714.285714286,2303714.285714286
2025-04-08,SHOP001,98,111,2321000,2090991.006,230008.994,23683.673469387755,2025,4,April,8,1,Tuesday,15,2,0,2,83.0,2027000.0,95.0,85.0,2090000.0,101.0,96.0,2357000.0,93.0,2292000.0,94.71428571428571,94.85714285714286,92.78571428571429,2323857.1428571427,2287428.5714285714
2025-04-09,SHOP001,103,119,2663000,2399099.109,263900.891,25854.368932038837,2025,4,April,9,2,Wednesday,15,2,0,2,98.0,2321000.0,111.0,100.0,2525000.0,115.0,74.0,1870000.0,97.0,2348000.0,96.57142857142857,95.0,92.96428571428571,2356857.1428571427,2288464.285714286
2025-04-10,SHOP001,113,139,3146000,2834234.254,311765.746,27840.70796460177,2025,4,April,10,3,Thursday,15,2,0,2,103.0,2663000.0,119.0,95.0,2427000.0,113.0,102.0,2545000.0,95.0,2269000.0,97.0,97.07142857142857,93.17857142857143,2376571.4285714286,2299714.285714286
2025-04-11,SHOP001,105,129,2709000,2440540.552,268459.448,25800.0,2025,4,April,11,4,Friday,15,2,0,2,113.0,3146000.0,139.0,101.0,2337000.0,111.0,96.0,2370000.0,95.0,2427000.0,99.57142857142857,97.85714285714286,93.82142857142857,2479285.714285714,2331035.714285714
2025-04-12,SHOP001,97,112,2482000,2236036.05,245963.95,25587.628865979383,2025,4,April,12,5,Saturday,15,2,1,2,105.0,2709000.0,129.0,101.0,2482000.0,116.0,99.0,2358000.0,94.0,2065000.0,100.14285714285714,98.5,94.17857142857143,2532428.5714285714,2341107.1428571427
2025-04-13,SHOP001,91,105,2247000,2024324.337,222675.663,24692.30769230769,2025,4,April,13,6,Sunday,15,2,1,2,97.0,2482000.0,112.0,98.0,2379000.0,110.0,98.0,2398000.0,82.0,2077000.0,99.57142857142857,98.35714285714286,94.28571428571429,2532428.5714285714,2356000.0
2025-04-14,SHOP001,99,113,2462000,2218018.034,243981.96600000001,24868.68686868687,2025,4,April,14,0,Monday,16,2,0,2,91.0,2247000.0,105.0,83.0,2027000.0,95.0,100.0,2467000.0,81.0,2052000.0,98.57142857142857,97.85714285714286,94.60714285714286,2513571.4285714286,2362071.4285714286
2025-04-15,SHOP001,86,101,2168000,1953153.165,214846.835,25209.302325581397,2025,4,April,15,1,Tuesday,16,3,0,2,99.0,2462000.0,113.0,98.0,2321000.0,111.0,85.0,2090000.0,101.0,2554000.0,100.85714285714286,97.78571428571429,95.25,2575714.285714286,2376714.285714286
2025-04-16,SHOP001,93,111,2412000,2172972.983,239027.017,25935.483870967742,2025,4,April,16,2,Wednesday,16,3,0,2,86.0,2168000.0,101.0,103.0,2663000.0,119.0,100.0,2525000.0,88.0,2352000.0,99.14285714285714,97.85714285714286,94.71428571428571,2553857.1428571427,2362928.5714285714
2025-04-17,SHOP001,90,109,2337000,2105405.415,231594.585,25966.666666666668,2025,4,April,17,3,Thursday,16,3,0,2,93.0,2412000.0,111.0,113.0,3146000.0,139.0,95.0,2427000.0,94.0,2402000.0,97.71428571428571,97.35714285714286,94.89285714285714,2518000.0,2365071.4285714286
2025-04-18,SHOP001,86,95,2156000,1942342.355,213657.645,25069.767441860466,2025,4,April,18,4,Friday,16,3,0,2,90.0,2337000.0,109.0,105.0,2709000.0,129.0,101.0,2337000.0,92.0,2253000.0,94.42857142857143,97.0,94.75,2402428.5714285714,2362750.0
2025-04-19,SHOP001,93,109,2297000,2069369.382,227630.618,24698.924731182797,2025,4,April,19,5,Saturday,16,3,1,2,86.0,2156000.0,95.0,97.0,2482000.0,112.0,101.0,2482000.0,76.0,1695000.0,91.71428571428571,95.92857142857143,94.53571428571429,2323428.5714285714,2359285.714285714
2025-04-20,SHOP001,88,103,2317000,2087387.401,229612.599,26329.545454545456,2025,4,April,20,6,Sunday,16,3,1,2,93.0,2297000.0,109.0,91.0,2247000.0,105.0,98.0,2379000.0,85.0,2115000.0,91.14285714285714,95.35714285714286,95.14285714285714,2297000.0,2380785.714285714
2025-04-21,SHOP001,73,90,1887000,1700000.009,186999.991,25849.31506849315,2025,4,April,21,0,Monday,17,3,0,2,88.0,2317000.0,103.0,99.0,2462000.0,113.0,83.0,2027000.0,97.0,2515000.0,90.71428571428571,94.64285714285714,95.25,2307000.0,2388000.0
2025-04-22,SHOP001,79,94,2049000,1845945.957,203054.043,25936.708860759492,2025,4,April,22,1,Tuesday,17,4,0,2,73.0,1887000.0,90.0,86.0,2168000.0,101.0,98.0,2321000.0,96.0,2357000.0,87.0,93.92857142857143,94.39285714285714,2224857.1428571427,2365571.4285714286
2025-04-23,SHOP001,78,87,1842000,1659459.472,182540.528,23615.384615384617,2025,4,April,23,2,Wednesday,17,4,0,2,79.0,2049000.0,94.0,93.0,2412000.0,111.0,103.0,2663000.0,74.0,1870000.0,86.0,92.57142857142857,93.78571428571429,2207857.1428571427,2354571.4285714286
2025-04-24,SHOP001,81,94,1889000,1701801.811,187198.189,23320.987654320987,2025,4,April,24,3,Thursday,17,4,0,2,78.0,1842000.0,87.0,90.0,2337000.0,109.0,113.0,3146000.0,102.0,2545000.0,83.85714285714286,90.78571428571429,93.92857142857143,2126428.5714285714,2353571.4285714286
2025-04-25,SHOP001,90,101,2157000,1943243.257,213756.743,23966.666666666668,2025,4,April,25,4,Friday,17,4,0,2,81.0,1889000.0,94.0,86.0,2156000.0,95.0,105.0,2709000.0,96.0,2370000.0,82.57142857142857,88.5,93.17857142857143,2062428.5714285714,2330142.8571428573
2025-04-26,SHOP001,98,109,2243000,2020720.735,222279.265,22887.755102040817,2025,4,April,26,5,Saturday,17,4,1,2,90.0,2157000.0,101.0,93.0,2297000.0,109.0,97.0,2482000.0,99.0,2358000.0,83.14285714285714,87.42857142857143,92.96428571428571,2062571.4285714286,2322535.714285714
2025-04-27,SHOP001,83,98,2074000,1868468.479,205531.521,24987.951807228917,2025,4,April,27,6,Sunday,17,4,1,2,98.0,2243000.0,109.0,88.0,2317000.0,103.0,91.0,2247000.0,98.0,2398000.0,83.85714285714286,87.5,92.92857142857143,2054857.142857143,2318428.5714285714
2025-04-28,SHOP001,88,98,2131000,1919819.834,211180.166,24215.909090909092,2025,4,April,28,0,Monday,18,4,0,2,83.0,2074000.0,98.0,73.0,1887000.0,90.0,99.0,2462000.0,100.0,2467000.0,83.14285714285714,86.92857142857143,92.39285714285714,2020142.857142857,2306857.1428571427
2025-04-29,SHOP001,98,111,2385000,2148648.66,236351.34,24336.73469387755,2025,4,April,29,1,Tuesday,18,5,0,2,88.0,2131000.0,98.0,79.0,2049000.0,94.0,86.0,2168000.0,85.0,2090000.0,85.28571428571429,86.14285714285714,91.96428571428571,2055000.0,2294857.1428571427
2025-04-30,SHOP001,82,99,2171000,1955855.865,215144.135,26475.60975609756,2025,4,April,30,2,Wednesday,18,5,0,2,98.0,2385000.0,111.0,78.0,1842000.0,87.0,93.0,2412000.0,100.0,2525000.0,88.0,87.0,92.42857142857143,2103000.0,2305392.8571428573
2025-05-01,SHOP001,76,88,1825000,1644144.152,180855.848,24013.157894736843,2025,5,May,1,3,Thursday,18,1,0,2,82.0,2171000.0,99.0,81.0,1889000.0,94.0,90.0,2337000.0,95.0,2427000.0,88.57142857142857,86.21428571428571,91.78571428571429,2150000.0,2292750.0
2025-05-02,SHOP001,88,99,2188000,1971171.181,216828.819,24863.636363636364,2025,5,May,2,4,Friday,18,1,0,2,76.0,1825000.0,88.0,90.0,2157000.0,101.0,86.0,2156000.0,101.0,2337000.0,87.85714285714286,85.21428571428571,91.10714285714286,2140857.1428571427,2271250.0
2025-05-03,SHOP001,98,112,2469000,2224324.338,244675.662,25193.877551020407,2025,5,May,3,5,Saturday,18,1,1,2,88.0,2188000.0,99.0,98.0,2243000.0,109.0,93.0,2297000.0,101.0,2482000.0,87.57142857142857,85.35714285714286,90.64285714285714,2145285.714285714,2265928.5714285714
2025-05-04,SHOP001,82,94,2015000,1815315.326,199684.674,24573.170731707316,2025,5,May,4,6,Sunday,18,1,1,2,98.0,2469000.0,112.0,83.0,2074000.0,98.0,88.0,2317000.0,98.0,2379000.0,87.57142857142857,85.71428571428571,90.53571428571429,2177571.4285714286,2265464.285714286
2025-05-05,SHOP001,72,88,1799000,1620720.73,178279.27,24986.11111111111,2025,5,May,5,0,Monday,19,1,0,2,82.0,2015000.0,94.0,88.0,2131000.0,98.0,73.0,1887000.0,83.0,2027000.0,87.42857142857143,85.28571428571429,89.96428571428571,2169142.8571428573,2252464.285714286
2025-05-06,SHOP001,81,95,1997000,1799099.11,197900.89,24654.320987654322,2025,5,May,6,1,Tuesday,19,1,0,2,72.0,1799000.0,88.0,98.0,2385000.0,111.0,79.0,2049000.0,98.0,2321000.0,85.14285714285714,85.21428571428571,89.57142857142857,2121714.285714286,2244321.4285714286
2025-05-07,SHOP001,90,104,2304000,2075675.69,228324.31,25600.0,2025,5,May,7,2,Wednesday,19,1,0,2,81.0,1997000.0,95.0,82.0,2171000.0,99.0,78.0,1842000.0,103.0,2663000.0,82.71428571428571,85.35714285714286,88.96428571428571,2066285.7142857143,2232750.0
2025-05-08,SHOP001,83,101,2082000,1875675.684,206324.316,25084.33734939759,2025,5,May,8,3,Thursday,19,2,0,2,90.0,2304000.0,104.0,76.0,1825000.0,88.0,81.0,1889000.0,113.0,3146000.0,83.85714285714286,86.21428571428571,88.5,2085285.7142857143,2219928.5714285714
2025-05-09,SHOP001,78,90,1798000,1619819.829,178180.171,23051.28205128205,2025,5,May,9,4,Friday,19,2,0,2,83.0,2082000.0,101.0,88.0,2188000.0,99.0,90.0,2157000.0,105.0,2709000.0,84.85714285714286,86.35714285714286,87.42857142857143,2122000.0,2181928.5714285714
2025-05-10,SHOP001,91,110,2330000,2099099.115,230900.885,25604.395604395606,2025,5,May,10,5,Saturday,19,2,1,2,78.0,1798000.0,90.0,98.0,2469000.0,112.0,98.0,2243000.0,97.0,2482000.0,83.42857142857143,85.5,86.46428571428571,2066285.7142857143,2149392.8571428573
2025-05-11,SHOP001,101,121,2521000,2271171.186,249828.814,24960.396039603962,2025,5,May,11,6,Sunday,19,2,1,2,91.0,2330000.0,110.0,82.0,2015000.0,94.0,83.0,2074000.0,91.0,2247000.0,82.42857142857143,85.0,86.25,2046428.5714285714,2143964.285714286
2025-05-12,SHOP001,80,92,1967000,1772072.084,194927.916,24587.5,2025,5,May,12,0,Monday,20,2,0,2,101.0,2521000.0,121.0,72.0,1799000.0,88.0,88.0,2131000.0,99.0,2462000.0,85.14285714285714,86.28571428571429,86.60714285714286,2118714.285714286,2153750.0
2025-05-13,SHOP001,94,106,2257000,2033333.344,223666.656,24010.63829787234,2025,5,May,13,1,Tuesday,20,2,0,2,80.0,1967000.0,92.0,81.0,1997000.0,95.0,98.0,2385000.0,86.0,2168000.0,86.28571428571429,85.71428571428571,85.92857142857143,2142714.285714286,2136071.4285714286
2025-05-14,SHOP001,93,103,2210000,1990991.002,219008.998,23763.440860215054,2025,5,May,14,2,Wednesday,20,2,0,2,94.0,2257000.0,106.0,90.0,2304000.0,104.0,82.0,2171000.0,93.0,2412000.0,88.14285714285714,85.42857142857143,86.21428571428571,2179857.1428571427,2139250.0
2025-05-15,SHOP001,69,77,1648000,1484684.696,163315.304,23884.057971014492,2025,5,May,15,3,Thursday,20,3,0,2,93.0,2210000.0,103.0,83.0,2082000.0,101.0,76.0,1825000.0,90.0,2337000.0,88.57142857142857,86.21428571428571,86.21428571428571,2166428.5714285714,2132035.714285714
2025-05-16,SHOP001,97,116,2538000,2286486.5,251513.5,26164.94845360825,2025,5,May,16,4,Friday,20,3,0,2,69.0,1648000.0,77.0,78.0,1798000.0,90.0,88.0,2188000.0,86.0,2156000.0,86.57142857142857,85.71428571428571,85.46428571428571,2104428.5714285714,2107428.5714285714
2025-05-17,SHOP001,87,101,2137000,1925225.231,211774.769,24563.2183908046,2025,5,May,17,5,Saturday,20,3,1,2,97.0,2538000.0,116.0,91.0,2330000.0,110.0,98.0,2469000.0,93.0,2297000.0,89.28571428571429,86.35714285714286,85.85714285714286,2210142.8571428573,2121071.4285714286
2025-05-18,SHOP001,79,85,1850000,1666666.678,183333.32200000001,23417.721518987342,2025,5,May,18,6,Sunday,20,3,1,2,87.0,2137000.0,101.0,101.0,2521000.0,121.0,82.0,2015000.0,88.0,2317000.0,88.71428571428571,85.57142857142857,85.64285714285714,2182571.4285714286,2115357.1428571427
2025-05-19,SHOP001,86,98,2215000,1995495.509,219504.491,25755.81395348837,2025,5,May,19,0,Monday,21,3,0,2,79.0,1850000.0,85.0,80.0,1967000.0,92.0,72.0,1799000.0,73.0,1887000.0,85.57142857142857,85.35714285714286,85.32142857142857,2086714.2857142857,2098678.5714285714
2025-05-20,SHOP001,85,97,2149000,1936036.05,212963.95,25282.352941176472,2025,5,May,20,1,Tuesday,21,3,0,2,86.0,2215000.0,98.0,94.0,2257000.0,106.0,81.0,1997000.0,79.0,2049000.0,86.42857142857143,86.35714285714286,85.78571428571429,2122142.8571428573,2110392.8571428573
2025-05-21,SHOP001,91,105,2205000,1986486.499,218513.501,24230.76923076923,2025,5,May,21,2,Wednesday,21,3,0,2,85.0,2149000.0,97.0,93.0,2210000.0,103.0,90.0,2304000.0,78.0,1842000.0,85.14285714285714,86.64285714285714,86.0,2106714.285714286,2113964.285714286
2025-05-22,SHOP001,71,83,1850000,1666666.675,183333.325,26056.338028169015,2025,5,May,22,3,Thursday,21,4,0,2,91.0,2205000.0,105.0,69.0,1648000.0,77.0,83.0,2082000.0,81.0,1889000.0,84.85714285714286,86.71428571428571,86.46428571428571,2106000.0,2126928.5714285714
2025-05-23,SHOP001,73,86,1895000,1707207.2179999999,187792.782,25958.904109589042,2025,5,May,23,4,Friday,21,4,0,2,71.0,1850000.0,83.0,97.0,2538000.0,116.0,78.0,1798000.0,90.0,2157000.0,85.14285714285714,85.85714285714286,86.10714285714286,2134857.1428571427,2125535.714285714
2025-05-24,SHOP001,92,106,2347000,2114414.425,232585.575,25510.869565217392,2025,5,May,24,5,Saturday,21,4,1,2,73.0,1895000.0,86.0,87.0,2137000.0,101.0,91.0,2330000.0,98.0,2243000.0,81.71428571428571,85.5,85.5,2043000.0,2116178.5714285714
2025-05-25,SHOP001,83,93,1897000,1709009.022,187990.978,22855.421686746988,2025,5,May,25,6,Sunday,21,4,1,2,92.0,2347000.0,106.0,79.0,1850000.0,85.0,101.0,2521000.0,83.0,2074000.0,82.42857142857143,85.57142857142857,85.28571428571429,2073000.0,2119892.8571428573
2025-05-26,SHOP001,85,96,2013000,1813513.524,199486.476,23682.352941176472,2025,5,May,26,0,Monday,22,4,0,2,83.0,1897000.0,93.0,86.0,2215000.0,98.0,80.0,1967000.0,88.0,2131000.0,83.0,84.28571428571429,85.28571428571429,2079714.2857142857,2113571.4285714286
2025-05-27,SHOP001,86,101,2217000,1997297.311,219702.689,25779.06976744186,2025,5,May,27,1,Tuesday,22,4,0,2,85.0,2013000.0,96.0,85.0,2149000.0,97.0,94.0,2257000.0,98.0,2385000.0,82.85714285714286,84.64285714285714,85.17857142857143,2050857.142857143,2109357.1428571427
2025-05-28,SHOP001,74,80,1732000,1560360.371,171639.62900000002,23405.405405405407,2025,5,May,28,2,Wednesday,22,4,0,2,86.0,2217000.0,101.0,91.0,2205000.0,105.0,93.0,2210000.0,82.0,2171000.0,83.0,84.07142857142857,84.75,2060571.4285714286,2103357.1428571427
2025-05-29,SHOP001,80,83,1744000,1571171.185,172828.815,21800.0,2025,5,May,29,3,Thursday,22,5,0,2,74.0,1732000.0,80.0,71.0,1850000.0,83.0,69.0,1648000.0,76.0,1825000.0,80.57142857142857,82.71428571428571,84.46428571428571,1993000.0,2087678.5714285714
2025-05-30,SHOP001,76,87,1858000,1673873.884,184126.116,24447.36842105263,2025,5,May,30,4,Friday,22,5,0,2,80.0,1744000.0,83.0,73.0,1895000.0,86.0,97.0,2538000.0,88.0,2188000.0,81.85714285714286,83.5,84.60714285714286,1977857.142857143,2084785.7142857143
2025-05-31,SHOP001,78,91,1906000,1717117.131,188882.869,24435.897435897437,2025,5,May,31,5,Saturday,22,5,1,2,76.0,1858000.0,87.0,92.0,2347000.0,106.0,87.0,2137000.0,98.0,2469000.0,82.28571428571429,82.0,84.17857142857143,1972571.4285714286,2073000.0
2025-06-01,SHOP001,138,159,3185000,2869369.39,315630.61,23079.710144927536,2025,6,June,1,6,Sunday,22,1,1,2,78.0,1906000.0,91.0,83.0,1897000.0,93.0,79.0,1850000.0,82.0,2015000.0,80.28571428571429,81.35714285714286,83.46428571428571,1909571.4285714286,2052892.857142857
2025-06-02,SHOP001,134,159,3161000,2847747.768,313252.232,23589.55223880597,2025,6,June,2,0,Monday,23,1,0,2,138.0,3185000.0,159.0,85.0,2013000.0,96.0,86.0,2215000.0,72.0,1799000.0,88.14285714285714,85.57142857142857,85.46428571428571,2093571.4285714286,2094678.5714285714
2025-06-03,SHOP001,104,121,2554000,2300900.913,253099.087,24557.69230769231,2025,6,June,3,1,Tuesday,23,1,0,2,134.0,3161000.0,159.0,86.0,2217000.0,101.0,85.0,2149000.0,81.0,1997000.0,95.14285714285714,89.0,87.67857142857143,2257571.4285714286,2143321.4285714286
2025-06-04,SHOP001,116,131,2715000,2445945.96,269054.04,23405.172413793105,2025,6,June,4,2,Wednesday,23,1,0,2,104.0,2554000.0,121.0,74.0,1732000.0,80.0,91.0,2205000.0,90.0,2304000.0,97.71428571428571,90.35714285714286,88.5,2305714.285714286,2163214.285714286
2025-06-05,SHOP001,110,125,2659000,2395495.509,263504.491,24172.727272727272,2025,6,June,5,3,Thursday,23,1,0,2,116.0,2715000.0,131.0,80.0,1744000.0,83.0,71.0,1850000.0,83.0,2082000.0,103.71428571428571,92.14285714285714,89.42857142857143,2446142.8571428573,2177892.8571428573
2025-06-06,SHOP001,121,137,2863000,2579279.3,283720.7,23661.15702479339,2025,6,June,6,4,Friday,23,1,0,2,110.0,2659000.0,125.0,76.0,1858000.0,87.0,73.0,1895000.0,78.0,1798000.0,108.0,94.92857142857143,90.39285714285714,2576857.1428571427,2198500.0
2025-06-07,SHOP001,96,110,2349000,2116216.232,232783.768,24468.75,2025,6,June,7,5,Saturday,23,1,1,2,121.0,2863000.0,137.0,78.0,1906000.0,91.0,92.0,2347000.0,91.0,2330000.0,114.42857142857143,98.35714285714286,91.92857142857143,2720428.5714285714,2236535.714285714
2025-06-08,SHOP001,110,129,2580000,2324324.34,255675.66,23454.545454545456,2025,6,June,8,6,Sunday,23,2,1,2,96.0,2349000.0,110.0,138.0,3185000.0,159.0,83.0,1897000.0,101.0,2521000.0,117.0,98.64285714285714,92.10714285714286,2783714.285714286,2237214.285714286
2025-06-09,SHOP001,112,131,2785000,2509009.02,275990.98,24866.071428571428,2025,6,June,9,0,Monday,24,2,0,2,110.0,2580000.0,129.0,134.0,3161000.0,159.0,85.0,2013000.0,80.0,1967000.0,113.0,100.57142857142857,92.42857142857143,2697285.714285714,2239321.4285714286
2025-06-10,SHOP001,118,133,2846000,2563963.976,282036.024,24118.64406779661,2025,6,June,10,1,Tuesday,24,2,0,2,112.0,2785000.0,131.0,104.0,2554000.0,121.0,86.0,2217000.0,94.0,2257000.0,109.85714285714286,102.5,93.57142857142857,2643571.4285714286,2268535.714285714
2025-06-11,SHOP001,100,121,2588000,2331531.543,256468.457,25880.0,2025,6,June,11,2,Wednesday,24,2,0,2,118.0,2846000.0,133.0,116.0,2715000.0,131.0,74.0,1732000.0,93.0,2210000.0,111.85714285714286,104.78571428571429,94.42857142857143,2685285.714285714,2289571.4285714286
2025-06-12,SHOP001,119,138,2917000,2627927.941,289072.059,24512.605042016807,2025,6,June,12,3,Thursday,24,2,0,2,100.0,2588000.0,121.0,110.0,2659000.0,125.0,80.0,1744000.0,69.0,1648000.0,109.57142857142857,106.64285714285714,94.67857142857143,2667142.8571428573,2303071.4285714286
2025-06-13,SHOP001,115,129,2866000,2581981.998,284018.002,24921.739130434784,2025,6,June,13,4,Friday,24,2,0,2,119.0,2917000.0,138.0,121.0,2863000.0,137.0,76.0,1858000.0,97.0,2538000.0,110.85714285714286,109.42857142857143,96.46428571428571,2704000.0,2348392.8571428573
2025-06-14,SHOP001,112,134,2929000,2638738.752,290261.248,26151.785714285714,2025,6,June,14,5,Saturday,24,2,1,2,115.0,2866000.0,129.0,96.0,2349000.0,110.0,78.0,1906000.0,87.0,2137000.0,110.0,112.21428571428571,97.10714285714286,2704428.5714285714,2360107.1428571427
2025-06-15,SHOP001,135,154,3258000,2935135.154,322864.846,24133.333333333332,2025,6,June,15,6,Sunday,24,3,1,2,112.0,2929000.0,134.0,110.0,2580000.0,129.0,138.0,3185000.0,79.0,1850000.0,112.28571428571429,114.64285714285714,98.0,2787285.714285714,2388392.8571428573
2025-06-16,SHOP001,111,125,2608000,2349549.561,258450.439,23495.495495495496,2025,6,June,16,0,Monday,25,3,0,2,135.0,3258000.0,154.0,112.0,2785000.0,131.0,134.0,3161000.0,86.0,2215000.0,115.85714285714286,114.42857142857143,100.0,2884142.8571428573,2438678.5714285714
2025-06-17,SHOP001,125,148,3042000,2740540.56,301459.44,24336.0,2025,6,June,17,1,Tuesday,25,3,0,2,111.0,2608000.0,125.0,118.0,2846000.0,133.0,104.0,2554000.0,85.0,2149000.0,115.71428571428571,112.78571428571429,100.89285714285714,2858857.1428571427,2452714.285714286
2025-06-18,SHOP001,107,122,2671000,2406306.322,264693.678,24962.616822429907,2025,6,June,18,2,Wednesday,25,3,0,2,125.0,3042000.0,148.0,100.0,2588000.0,121.0,116.0,2715000.0,91.0,2205000.0,116.71428571428571,114.28571428571429,102.32142857142857,2886857.1428571427,2484607.1428571427
2025-06-19,SHOP001,138,153,3196000,2879279.295,316720.705,23159.420289855072,2025,6,June,19,3,Thursday,25,3,0,2,107.0,2671000.0,122.0,119.0,2917000.0,138.0,110.0,2659000.0,71.0,1850000.0,117.71428571428571,113.64285714285714,102.89285714285714,2898714.285714286,2501250.0
2025-06-20,SHOP001,112,130,2749000,2476576.593,272423.407,24544.64285714286,2025,6,June,20,4,Friday,25,3,0,2,138.0,3196000.0,153.0,115.0,2866000.0,129.0,121.0,2863000.0,73.0,1895000.0,120.42857142857143,115.64285714285714,105.28571428571429,2938571.4285714286,2549321.4285714286
2025-06-21,SHOP001,125,143,3168000,2854054.072,313945.928,25344.0,2025,6,June,21,5,Saturday,25,3,1,2,112.0,2749000.0,130.0,112.0,2929000.0,134.0,96.0,2349000.0,92.0,2347000.0,120.0,115.0,106.67857142857143,2921857.1428571427,2579821.4285714286
2025-06-22,SHOP001,118,134,2819000,2539639.658,279360.342,23889.830508474577,2025,6,June,22,6,Sunday,25,4,1,2,125.0,3168000.0,143.0,135.0,3258000.0,154.0,110.0,2580000.0,83.0,1897000.0,121.85714285714286,117.07142857142857,107.85714285714286,2956000.0,2609142.8571428573
2025-06-23,SHOP001,123,136,2762000,2488288.306,273711.694,22455.28455284553,2025,6,June,23,0,Monday,26,4,0,2,118.0,2819000.0,134.0,111.0,2608000.0,125.0,112.0,2785000.0,85.0,2013000.0,119.42857142857143,117.64285714285714,109.10714285714286,2893285.714285714,2642071.4285714286
2025-06-24,SHOP001,128,154,3241000,2919819.837,321180.163,25320.3125,2025,6,June,24,1,Tuesday,26,4,0,2,123.0,2762000.0,136.0,125.0,3042000.0,148.0,118.0,2846000.0,86.0,2217000.0,121.14285714285714,118.42857142857143,110.46428571428571,2915285.714285714,2668821.4285714286
2025-06-25,SHOP001,133,147,3177000,2862162.181,314837.819,23887.218045112782,2025,6,June,25,2,Wednesday,26,4,0,2,128.0,3241000.0,154.0,107.0,2671000.0,122.0,100.0,2588000.0,74.0,1732000.0,121.57142857142857,119.14285714285714,111.96428571428571,2943714.285714286,2705392.8571428573
2025-06-26,SHOP001,129,142,3020000,2720720.734,299279.266,23410.852713178294,2025,6,June,26,3,Thursday,26,4,0,2,133.0,3177000.0,147.0,138.0,3196000.0,153.0,119.0,2917000.0,80.0,1744000.0,125.28571428571429,121.5,114.07142857142857,3016000.0,2757000.0
2025-06-27,SHOP001,124,143,3216000,2897297.314,318702.686,25935.483870967742,2025,6,June,27,4,Friday,26,4,0,2,129.0,3020000.0,142.0,112.0,2749000.0,130.0,115.0,2866000.0,76.0,1858000.0,124.0,122.21428571428571,115.82142857142857,2990857.1428571427,2802571.4285714286
2025-06-28,SHOP001,113,137,2890000,2603603.619,286396.381,25575.221238938055,2025,6,June,28,5,Saturday,26,4,1,2,124.0,3216000.0,143.0,125.0,3168000.0,143.0,112.0,2929000.0,78.0,1906000.0,125.71428571428571,122.85714285714286,117.53571428571429,3057571.4285714286,2851071.4285714286
2025-06-29,SHOP001,116,132,2831000,2550450.464,280549.536,24405.172413793105,2025,6,June,29,6,Sunday,26,5,1,2,113.0,2890000.0,137.0,118.0,2819000.0,134.0,135.0,3258000.0,138.0,3185000.0,124.0,122.92857142857143,118.78571428571429,3017857.1428571427,2886214.285714286
2025-06-30,SHOP001,122,140,3032000,2731531.5439999998,300468.456,24852.45901639344,2025,6,June,30,0,Monday,27,5,0,2,116.0,2831000.0,132.0,123.0,2762000.0,136.0,111.0,2608000.0,134.0,3161000.0,123.71428571428571,121.57142857142857,118.0,3019571.4285714286,2873571.4285714286
2025-07-01,SHOP001,121,139,2827000,2546846.864,280153.136,23363.636363636364,2025,7,July,1,1,Tuesday,27,1,0,3,122.0,3032000.0,140.0,128.0,3241000.0,154.0,125.0,3042000.0,104.0,2554000.0,123.57142857142857,122.35714285714286,117.57142857142857,3058142.8571428573,2868964.285714286
2025-07-02,SHOP001,116,134,2687000,2420720.736,266279.264,23163.793103448275,2025,7,July,2,2,Wednesday,27,1,0,3,121.0,2827000.0,139.0,133.0,3177000.0,147.0,107.0,2671000.0,116.0,2715000.0,122.57142857142857,122.07142857142857,118.17857142857143,2999000.0,2878714.285714286
2025-07-03,SHOP001,102,109,2361000,2127027.041,233972.959,23147.058823529413,2025,7,July,3,3,Thursday,27,1,0,3,116.0,2687000.0,134.0,129.0,3020000.0,142.0,138.0,3196000.0,110.0,2659000.0,120.14285714285714,122.71428571428571,118.17857142857143,2929000.0,2877714.285714286
2025-07-04,SHOP001,90,104,2137000,1925225.236,211774.764,23744.444444444445,2025,7,July,4,4,Friday,27,1,0,3,102.0,2361000.0,109.0,124.0,3216000.0,143.0,112.0,2749000.0,121.0,2863000.0,116.28571428571429,120.14285714285714,117.89285714285714,2834857.1428571427,2867071.4285714286
2025-07-05,SHOP001,95,110,2279000,2053153.163,225846.837,23989.473684210527,2025,7,July,5,5,Saturday,27,1,1,3,90.0,2137000.0,104.0,113.0,2890000.0,137.0,125.0,3168000.0,96.0,2349000.0,111.42857142857143,118.57142857142857,116.78571428571429,2680714.285714286,2841142.8571428573
2025-07-06,SHOP001,100,116,2488000,2241441.453,246558.547,24880.0,2025,7,July,6,6,Sunday,27,1,1,3,95.0,2279000.0,110.0,116.0,2831000.0,132.0,118.0,2819000.0,110.0,2580000.0,108.85714285714286,116.42857142857143,116.75,2593428.5714285714,2838642.8571428573
2025-07-07,SHOP001,88,103,2162000,1947747.758,214252.242,24568.18181818182,2025,7,July,7,0,Monday,28,1,0,3,100.0,2488000.0,116.0,122.0,3032000.0,140.0,123.0,2762000.0,112.0,2785000.0,106.57142857142857,115.14285714285714,116.39285714285714,2544428.5714285714,2835357.1428571427
2025-07-08,SHOP001,98,110,2481000,2235135.149,245864.851,25316.326530612245,2025,7,July,8,1,Tuesday,28,2,0,3,88.0,2162000.0,103.0,121.0,2827000.0,139.0,128.0,3241000.0,118.0,2846000.0,101.71428571428571,112.64285714285714,115.53571428571429,2420142.8571428573,2813107.1428571427
2025-07-09,SHOP001,104,120,2636000,2374774.789,261225.211,25346.153846153848,2025,7,July,9,2,Wednesday,28,2,0,3,98.0,2481000.0,110.0,116.0,2687000.0,134.0,133.0,3177000.0,100.0,2588000.0,98.42857142857143,110.5,114.82142857142857,2370714.285714286,2800071.4285714286
2025-07-10,SHOP001,111,121,2564000,2309909.925,254090.075,23099.099099099098,2025,7,July,10,3,Thursday,28,2,0,3,104.0,2636000.0,120.0,102.0,2361000.0,109.0,129.0,3020000.0,119.0,2917000.0,96.71428571428571,108.42857142857143,114.96428571428571,2363428.5714285714,2801785.714285714
2025-07-11,SHOP001,104,119,2479000,2233333.348,245666.652,23836.53846153846,2025,7,July,11,4,Friday,28,2,0,3,111.0,2564000.0,121.0,90.0,2137000.0,104.0,124.0,3216000.0,115.0,2866000.0,98.0,107.14285714285714,114.67857142857143,2392428.5714285714,2789178.5714285714
2025-07-12,SHOP001,97,107,2298000,2070270.283,227729.717,23690.721649484534,2025,7,July,12,5,Saturday,28,2,1,3,104.0,2479000.0,119.0,95.0,2279000.0,110.0,113.0,2890000.0,112.0,2929000.0,100.0,105.71428571428571,114.28571428571429,2441285.714285714,2775357.1428571427
2025-07-13,SHOP001,118,130,2786000,2509909.926,276090.074,23610.169491525423,2025,7,July,13,6,Sunday,28,2,1,3,97.0,2298000.0,107.0,100.0,2488000.0,116.0,116.0,2831000.0,135.0,3258000.0,100.28571428571429,104.57142857142857,113.75,2444000.0,2752821.4285714286
2025-07-14,SHOP001,98,116,2619000,2359459.472,259540.528,26724.48979591837,2025,7,July,14,0,Monday,29,2,0,3,118.0,2786000.0,130.0,88.0,2162000.0,103.0,122.0,3032000.0,111.0,2608000.0,102.85714285714286,104.71428571428571,113.14285714285714,2486571.4285714286,2735964.285714286
2025-07-15,SHOP001,101,114,2313000,2083783.797,229216.203,22900.9900990099,2025,7,July,15,1,Tuesday,29,3,0,3,98.0,2619000.0,116.0,98.0,2481000.0,110.0,121.0,2827000.0,125.0,3042000.0,104.28571428571429,103.0,112.67857142857143,2551857.1428571427,2736357.1428571427
2025-07-16,SHOP001,113,130,2685000,2418918.938,266081.062,23761.061946902653,2025,7,July,16,2,Wednesday,29,3,0,3,101.0,2313000.0,114.0,104.0,2636000.0,120.0,116.0,2687000.0,107.0,2671000.0,104.71428571428571,101.57142857142857,111.82142857142857,2527857.1428571427,2710321.4285714286
2025-07-17,SHOP001,107,129,2680000,2414414.428,265585.572,25046.728971962617,2025,7,July,17,3,Thursday,29,3,0,3,113.0,2685000.0,130.0,111.0,2564000.0,121.0,102.0,2361000.0,138.0,3196000.0,106.0,101.35714285714286,112.03571428571429,2534857.1428571427,2710821.4285714286
2025-07-18,SHOP001,120,138,2748000,2475675.692,272324.308,22900.0,2025,7,July,18,4,Friday,29,3,0,3,107.0,2680000.0,129.0,104.0,2479000.0,119.0,90.0,2137000.0,112.0,2749000.0,105.42857142857143,101.71428571428571,110.92857142857143,2551428.5714285714,2692392.8571428573
2025-07-19,SHOP001,119,141,3066000,2762162.178,303837.822,25764.70588235294,2025,7,July,19,5,Saturday,29,3,1,3,120.0,2748000.0,138.0,97.0,2298000.0,107.0,95.0,2279000.0,125.0,3168000.0,107.71428571428571,103.85714285714286,111.21428571428571,2589857.1428571427,2692357.1428571427
2025-07-20,SHOP001,94,105,2167000,1952252.267,214747.733,23053.191489361703,2025,7,July,20,6,Sunday,29,3,1,3,119.0,3066000.0,141.0,118.0,2786000.0,130.0,100.0,2488000.0,118.0,2819000.0,110.85714285714286,105.57142857142857,111.0,2699571.4285714286,2688714.285714286
2025-07-21,SHOP001,121,142,2985000,2689189.206,295810.794,24669.421487603307,2025,7,July,21,0,Monday,30,3,0,3,94.0,2167000.0,105.0,98.0,2619000.0,116.0,88.0,2162000.0,123.0,2762000.0,107.42857142857143,105.14285714285714,110.14285714285714,2611142.8571428573,2665428.5714285714
2025-07-22,SHOP001,97,117,2523000,2272972.986,250027.014,26010.309278350516,2025,7,July,22,1,Tuesday,30,4,0,3,121.0,2985000.0,142.0,101.0,2313000.0,114.0,98.0,2481000.0,128.0,3241000.0,110.71428571428571,107.5,110.07142857142857,2663428.5714285714,2673392.8571428573
2025-07-23,SHOP001,121,137,2993000,2696396.415,296603.585,24735.537190082643,2025,7,July,23,2,Wednesday,30,4,0,3,97.0,2523000.0,117.0,113.0,2685000.0,130.0,104.0,2636000.0,133.0,3177000.0,110.14285714285714,107.42857142857143,108.96428571428571,2693428.5714285714,2647750.0
2025-07-24,SHOP001,98,120,2552000,2299099.11,252900.89,26040.816326530614,2025,7,July,24,3,Thursday,30,4,0,3,121.0,2993000.0,137.0,107.0,2680000.0,129.0,111.0,2564000.0,129.0,3020000.0,111.28571428571429,108.64285714285714,108.53571428571429,2737428.5714285714,2641178.5714285714
2025-07-25,SHOP001,107,132,2854000,2571171.186,282828.814,26672.89719626168,2025,7,July,25,4,Friday,30,4,0,3,98.0,2552000.0,120.0,120.0,2748000.0,138.0,104.0,2479000.0,124.0,3216000.0,110.0,107.71428571428571,107.42857142857143,2719142.8571428573,2624464.285714286
2025-07-26,SHOP001,103,117,2470000,2225225.239,244774.761,23980.582524271846,2025,7,July,26,5,Saturday,30,4,1,3,107.0,2854000.0,132.0,119.0,3066000.0,141.0,97.0,2298000.0,113.0,2890000.0,108.14285714285714,107.92857142857143,106.82142857142857,2734285.714285714,2611535.714285714
2025-07-27,SHOP001,121,143,3030000,2729729.744,300270.256,25041.322314049587,2025,7,July,27,6,Sunday,30,4,1,3,103.0,2470000.0,117.0,94.0,2167000.0,105.0,118.0,2786000.0,116.0,2831000.0,105.85714285714286,108.35714285714286,106.46428571428571,2649142.8571428573,2596535.714285714
2025-07-28,SHOP001,94,113,2344000,2111711.721,232288.279,24936.17021276596,2025,7,July,28,0,Monday,31,4,0,3,121.0,3030000.0,143.0,121.0,2985000.0,142.0,98.0,2619000.0,122.0,3032000.0,109.71428571428571,108.57142857142857,106.64285714285714,2772428.5714285714,2603642.8571428573
2025-07-29,SHOP001,106,122,2641000,2379279.295,261720.70500000002,24915.094339622643,2025,7,July,29,1,Tuesday,31,5,0,3,94.0,2344000.0,113.0,97.0,2523000.0,117.0,101.0,2313000.0,121.0,2827000.0,105.85714285714286,108.28571428571429,105.64285714285714,2680857.1428571427,2579071.4285714286
2025-07-30,SHOP001,96,123,2646000,2383783.795,262216.205,27562.5,2025,7,July,30,2,Wednesday,31,5,0,3,106.0,2641000.0,122.0,121.0,2993000.0,137.0,113.0,2685000.0,116.0,2687000.0,107.14285714285714,108.64285714285714,105.10714285714286,2697714.285714286,2572428.5714285714
2025-07-31,SHOP001,107,125,2736000,2464864.879,271135.121,25570.093457943924,2025,7,July,31,3,Thursday,31,5,0,3,96.0,2646000.0,123.0,98.0,2552000.0,120.0,107.0,2680000.0,102.0,2361000.0,103.57142857142857,107.42857142857143,104.39285714285714,2648142.8571428573,2570964.285714286
2025-08-01,SHOP001,95,112,2432000,2190991.007,241008.99300000002,25600.0,2025,8,August,1,4,Friday,31,1,0,3,107.0,2736000.0,125.0,107.0,2854000.0,132.0,120.0,2748000.0,90.0,2137000.0,104.85714285714286,107.42857142857143,104.57142857142857,2674428.5714285714,2584357.1428571427
2025-08-02,SHOP001,98,115,2447000,2204504.518,242495.482,24969.38775510204,2025,8,August,2,5,Saturday,31,1,1,3,95.0,2432000.0,112.0,103.0,2470000.0,117.0,119.0,3066000.0,95.0,2279000.0,103.14285714285714,105.64285714285714,104.75,2614142.8571428573,2594892.8571428573
2025-08-03,SHOP001,81,101,2086000,1879279.289,206720.711,25753.086419753086,2025,8,August,3,6,Sunday,31,1,1,3,98.0,2447000.0,115.0,121.0,3030000.0,143.0,94.0,2167000.0,100.0,2488000.0,102.42857142857143,104.14285714285714,104.85714285714286,2610857.1428571427,2600892.8571428573
2025-08-04,SHOP001,98,114,2501000,2253153.17,247846.83,25520.408163265307,2025,8,August,4,0,Monday,32,1,0,3,81.0,2086000.0,101.0,94.0,2344000.0,113.0,121.0,2985000.0,88.0,2162000.0,96.71428571428571,103.21428571428571,104.17857142857143,2476000.0,2586535.714285714
2025-08-05,SHOP001,90,105,2180000,1963963.977,216036.02300000002,24222.222222222223,2025,8,August,5,1,Tuesday,32,1,0,3,98.0,2501000.0,114.0,106.0,2641000.0,122.0,97.0,2523000.0,98.0,2481000.0,97.28571428571429,101.57142857142857,104.53571428571429,2498428.5714285714,2598642.8571428573
2025-08-06,SHOP001,75,83,1805000,1626126.136,178873.864,24066.666666666668,2025,8,August,6,2,Wednesday,32,1,0,3,90.0,2180000.0,105.0,96.0,2646000.0,123.0,121.0,2993000.0,104.0,2636000.0,95.0,101.07142857142857,104.25,2432571.4285714286,2587892.8571428573
2025-08-07,SHOP001,90,107,2178000,1962162.172,215837.828,24200.0,2025,8,August,7,3,Thursday,32,1,0,3,75.0,1805000.0,83.0,107.0,2736000.0,125.0,98.0,2552000.0,111.0,2564000.0,92.0,97.78571428571429,103.21428571428571,2312428.5714285714,2558214.285714286
2025-08-08,SHOP001,96,107,2255000,2031531.543,223468.457,23489.583333333332,2025,8,August,8,4,Friday,32,2,0,3,90.0,2178000.0,107.0,95.0,2432000.0,112.0,107.0,2854000.0,104.0,2479000.0,89.57142857142857,97.21428571428571,102.46428571428571,2232714.285714286,2544428.5714285714
2025-08-09,SHOP001,99,110,2316000,2086486.498,229513.502,23393.939393939392,2025,8,August,9,5,Saturday,32,2,1,3,96.0,2255000.0,107.0,98.0,2447000.0,115.0,103.0,2470000.0,97.0,2298000.0,89.71428571428571,96.42857142857143,102.17857142857143,2207428.5714285714,2536428.5714285714
2025-08-10,SHOP001,91,114,2364000,2129729.742,234270.258,25978.021978021978,2025,8,August,10,6,Sunday,32,2,1,3,99.0,2316000.0,110.0,81.0,2086000.0,101.0,121.0,3030000.0,118.0,2786000.0,89.85714285714286,96.14285714285714,102.25,2188714.285714286,2537071.4285714286
2025-08-11,SHOP001,96,107,2260000,2036036.045,223963.955,23541.666666666668,2025,8,August,11,0,Monday,33,2,0,3,91.0,2364000.0,114.0,98.0,2501000.0,114.0,94.0,2344000.0,98.0,2619000.0,91.28571428571429,94.0,101.28571428571429,2228428.5714285714,2522000.0
2025-08-12,SHOP001,84,97,2067000,1862162.171,204837.829,24607.14285714286,2025,8,August,12,1,Tuesday,33,2,0,3,96.0,2260000.0,107.0,90.0,2180000.0,105.0,106.0,2641000.0,101.0,2313000.0,91.0,94.14285714285714,101.21428571428571,2194000.0,2509178.5714285714
2025-08-13,SHOP001,100,118,2454000,2210810.825,243189.175,24540.0,2025,8,August,13,2,Wednesday,33,2,0,3,84.0,2067000.0,97.0,75.0,1805000.0,83.0,96.0,2646000.0,113.0,2685000.0,90.14285714285714,92.57142857142857,100.60714285714286,2177857.1428571427,2500392.8571428573
2025-08-14,SHOP001,99,109,2299000,2071171.183,227828.817,23222.222222222223,2025,8,August,14,3,Thursday,33,2,0,3,100.0,2454000.0,118.0,90.0,2178000.0,107.0,107.0,2736000.0,107.0,2680000.0,93.71428571428571,92.85714285714286,100.14285714285714,2270571.4285714286,2492142.8571428573
2025-08-15,SHOP001,101,123,2578000,2322522.536,255477.464,25524.752475247526,2025,8,August,15,4,Friday,33,3,0,3,99.0,2299000.0,109.0,96.0,2255000.0,107.0,95.0,2432000.0,120.0,2748000.0,95.0,92.28571428571429,99.85714285714286,2287857.1428571427,2478535.714285714
2025-08-16,SHOP001,110,123,2542000,2290090.106,251909.894,23109.090909090908,2025,8,August,16,5,Saturday,33,3,1,3,101.0,2578000.0,123.0,99.0,2316000.0,110.0,98.0,2447000.0,119.0,3066000.0,95.71428571428571,92.71428571428571,99.17857142857143,2334000.0,2472464.285714286
2025-08-17,SHOP001,106,126,2513000,2263963.977,249036.02300000002,23707.54716981132,2025,8,August,17,6,Sunday,33,3,1,3,110.0,2542000.0,123.0,91.0,2364000.0,114.0,81.0,2086000.0,94.0,2167000.0,97.28571428571429,93.57142857142857,98.85714285714286,2366285.714285714,2453750.0
2025-08-18,SHOP001,86,90,1968000,1772972.988,195027.012,22883.720930232557,2025,8,August,18,0,Monday,34,3,0,3,106.0,2513000.0,126.0,96.0,2260000.0,107.0,98.0,2501000.0,121.0,2985000.0,99.42857142857143,95.35714285714286,99.28571428571429,2387571.4285714286,2466107.1428571427
2025-08-19,SHOP001,83,96,2052000,1848648.662,203351.338,24722.89156626506,2025,8,August,19,1,Tuesday,34,3,0,3,86.0,1968000.0,90.0,84.0,2067000.0,97.0,90.0,2180000.0,97.0,2523000.0,98.0,94.5,98.03571428571429,2345857.1428571427,2429785.714285714
2025-08-20,SHOP001,77,90,1882000,1695495.504,186504.496,24441.55844155844,2025,8,August,20,2,Wednesday,34,3,0,3,83.0,2052000.0,96.0,100.0,2454000.0,118.0,75.0,1805000.0,121.0,2993000.0,97.85714285714286,94.0,97.53571428571429,2343714.285714286,2412964.285714286
2025-08-21,SHOP001,95,107,2277000,2051351.365,225648.635,23968.42105263158,2025,8,August,21,3,Thursday,34,3,0,3,77.0,1882000.0,90.0,99.0,2299000.0,109.0,90.0,2178000.0,98.0,2552000.0,94.57142857142857,94.14285714285714,95.96428571428571,2262000.0,2373285.714285714
2025-08-22,SHOP001,94,107,2196000,1978378.394,217621.606,23361.702127659573,2025,8,August,22,4,Friday,34,4,0,3,95.0,2277000.0,107.0,101.0,2578000.0,123.0,96.0,2255000.0,107.0,2854000.0,94.0,94.5,95.85714285714286,2258857.1428571427,2363464.285714286
2025-08-23,SHOP001,84,94,2107000,1898198.209,208801.791,25083.333333333332,2025,8,August,23,5,Saturday,34,4,1,3,94.0,2196000.0,107.0,110.0,2542000.0,123.0,99.0,2316000.0,103.0,2470000.0,93.0,94.35714285714286,95.39285714285714,2204285.714285714,2339964.285714286
2025-08-24,SHOP001,87,97,2174000,1958558.568,215441.432,24988.505747126437,2025,8,August,24,6,Sunday,34,4,1,3,84.0,2107000.0,94.0,106.0,2513000.0,126.0,91.0,2364000.0,121.0,3030000.0,89.28571428571429,93.28571428571429,94.71428571428571,2142142.8571428573,2327000.0
2025-08-25,SHOP001,105,120,2567000,2312612.62,254387.38,24447.619047619046,2025,8,August,25,0,Monday,35,4,0,3,87.0,2174000.0,97.0,86.0,1968000.0,90.0,96.0,2260000.0,94.0,2344000.0,86.57142857142857,93.0,93.5,2093714.2857142857,2296428.5714285714
2025-08-26,SHOP001,92,107,2414000,2174774.788,239225.212,26239.130434782608,2025,8,August,26,1,Tuesday,35,4,0,3,105.0,2567000.0,120.0,83.0,2052000.0,96.0,84.0,2067000.0,106.0,2641000.0,89.28571428571429,93.64285714285714,93.89285714285714,2179285.714285714,2304392.8571428573
2025-08-27,SHOP001,87,104,2222000,2001801.809,220198.191,25540.22988505747,2025,8,August,27,2,Wednesday,35,4,0,3,92.0,2414000.0,107.0,77.0,1882000.0,90.0,100.0,2454000.0,96.0,2646000.0,90.57142857142857,94.21428571428571,93.39285714285714,2231000.0,2296285.714285714
2025-08-28,SHOP001,88,102,2136000,1924324.339,211675.661,24272.727272727272,2025,8,August,28,3,Thursday,35,4,0,3,87.0,2222000.0,104.0,95.0,2277000.0,107.0,99.0,2299000.0,107.0,2736000.0,92.0,93.28571428571429,93.07142857142857,2279571.4285714286,2281142.8571428573
2025-08-29,SHOP001,102,117,2567000,2312612.626,254387.374,25166.666666666668,2025,8,August,29,4,Friday,35,5,0,3,88.0,2136000.0,102.0,94.0,2196000.0,107.0,101.0,2578000.0,95.0,2432000.0,91.0,92.5,92.39285714285714,2259428.5714285714,2259714.285714286
2025-08-30,SHOP001,89,95,1822000,1641441.454,180558.546,20471.91011235955,2025,8,August,30,5,Saturday,35,5,1,3,102.0,2567000.0,117.0,84.0,2107000.0,94.0,110.0,2542000.0,98.0,2447000.0,92.14285714285714,92.57142857142857,92.64285714285714,2312428.5714285714,2264535.714285714
2025-08-31,SHOP001,120,133,2881000,2595495.517,285504.483,24008.333333333332,2025,8,August,31,6,Sunday,35,5,1,3,89.0,1822000.0,95.0,87.0,2174000.0,97.0,106.0,2513000.0,81.0,2086000.0,92.85714285714286,91.07142857142857,92.32142857142857,2271714.285714286,2242214.285714286
2025-09-01,SHOP001,79,93,1946000,1753153.166,192846.834,24632.91139240506,2025,9,September,1,0,Monday,36,1,0,3,120.0,2881000.0,133.0,105.0,2567000.0,120.0,86.0,1968000.0,98.0,2501000.0,97.57142857142857,92.07142857142857,93.71428571428571,2372714.285714286,2270607.1428571427
2025-09-02,SHOP001,115,130,2735000,2463963.979,271036.021,23782.608695652172,2025,9,September,2,1,Tuesday,36,1,0,3,79.0,1946000.0,93.0,92.0,2414000.0,107.0,83.0,2052000.0,90.0,2180000.0,93.85714285714286,91.57142857142857,93.03571428571429,2284000.0,2250785.714285714
2025-09-03,SHOP001,99,111,2433000,2191891.905,241108.095,24575.757575757576,2025,9,September,3,2,Wednesday,36,1,0,3,115.0,2735000.0,130.0,87.0,2222000.0,104.0,77.0,1882000.0,75.0,1805000.0,97.14285714285714,93.85714285714286,93.92857142857143,2329857.1428571427,2270607.1428571427
2025-09-04,SHOP001,83,97,2092000,1884684.693,207315.307,25204.819277108432,2025,9,September,4,3,Thursday,36,1,0,3,99.0,2433000.0,111.0,88.0,2136000.0,102.0,95.0,2277000.0,90.0,2178000.0,98.85714285714286,95.42857142857143,94.78571428571429,2360000.0,2293035.714285714
2025-09-05,SHOP001,84,95,2013000,1813513.528,199486.472,23964.285714285714,2025,9,September,5,4,Friday,36,1,0,3,83.0,2092000.0,97.0,102.0,2567000.0,117.0,94.0,2196000.0,96.0,2255000.0,98.14285714285714,94.57142857142857,94.53571428571429,2353714.285714286,2289964.285714286
2025-09-06,SHOP001,93,103,2292000,2064864.878,227135.122,24645.16129032258,2025,9,September,6,5,Saturday,36,1,1,3,84.0,2013000.0,95.0,89.0,1822000.0,95.0,84.0,2107000.0,99.0,2316000.0,95.57142857142857,93.85714285714286,94.10714285714286,2274571.4285714286,2281321.4285714286
2025-09-07,SHOP001,82,95,2045000,1842342.3530000001,202657.647,24939.024390243903,2025,9,September,7,6,Sunday,36,1,1,3,93.0,2292000.0,103.0,120.0,2881000.0,133.0,87.0,2174000.0,91.0,2364000.0,96.14285714285714,94.5,93.89285714285714,2341714.285714286,2280464.285714286
2025-09-08,SHOP001,66,77,1643000,1480180.191,162819.809,24893.939393939392,2025,9,September,8,0,Monday,37,2,0,3,82.0,2045000.0,95.0,79.0,1946000.0,93.0,105.0,2567000.0,96.0,2260000.0,90.71428571428571,94.14285714285714,93.57142857142857,2222285.714285714,2269071.4285714286
2025-09-09,SHOP001,91,107,2330000,2099099.11,230900.89,25604.395604395606,2025,9,September,9,1,Tuesday,37,2,0,3,66.0,1643000.0,77.0,115.0,2735000.0,130.0,92.0,2414000.0,84.0,2067000.0,88.85714285714286,91.35714285714286,92.5,2179000.0,2247035.714285714
2025-09-10,SHOP001,90,106,2381000,2145045.058,235954.942,26455.555555555555,2025,9,September,10,2,Wednesday,37,2,0,3,91.0,2330000.0,107.0,99.0,2433000.0,111.0,87.0,2222000.0,100.0,2454000.0,85.42857142857143,91.28571428571429,92.75,2121142.8571428573,2256428.5714285714
2025-09-11,SHOP001,102,115,2455000,2211711.725,243288.275,24068.62745098039,2025,9,September,11,3,Thursday,37,2,0,3,90.0,2381000.0,106.0,83.0,2092000.0,97.0,88.0,2136000.0,99.0,2299000.0,84.14285714285714,91.5,92.39285714285714,2113714.285714286,2253821.4285714286
2025-09-12,SHOP001,81,95,2012000,1812612.622,199387.378,24839.506172839505,2025,9,September,12,4,Friday,37,2,0,3,102.0,2455000.0,115.0,84.0,2013000.0,95.0,102.0,2567000.0,101.0,2578000.0,86.85714285714286,92.5,92.5,2165571.4285714286,2259392.8571428573
2025-09-13,SHOP001,94,108,2323000,2092792.804,230207.196,24712.76595744681,2025,9,September,13,5,Saturday,37,2,1,3,81.0,2012000.0,95.0,93.0,2292000.0,103.0,89.0,1822000.0,110.0,2542000.0,86.42857142857143,91.0,91.78571428571429,2165428.5714285714,2239178.5714285714
2025-09-14,SHOP001,95,109,2445000,2202702.713,242297.287,25736.842105263157,2025,9,September,14,6,Sunday,37,2,1,3,94.0,2323000.0,108.0,82.0,2045000.0,95.0,120.0,2881000.0,106.0,2513000.0,86.57142857142857,91.35714285714286,91.21428571428571,2169857.1428571427,2231357.1428571427
2025-09-15,SHOP001,79,87,1733000,1561261.27,171738.73,21936.708860759492,2025,9,September,15,0,Monday,38,3,0,3,95.0,2445000.0,109.0,66.0,1643000.0,77.0,79.0,1946000.0,86.0,1968000.0,88.42857142857143,89.57142857142857,90.82142857142857,2227000.0,2228928.5714285714
2025-09-16,SHOP001,89,102,2215000,1995495.512,219504.488,24887.6404494382,2025,9,September,16,1,Tuesday,38,3,0,3,79.0,1733000.0,87.0,91.0,2330000.0,107.0,115.0,2735000.0,83.0,2052000.0,90.28571428571429,89.57142857142857,90.57142857142857,2239857.1428571427,2220535.714285714
2025-09-17,SHOP001,88,99,2116000,1906306.3159999999,209693.684,24045.454545454544,2025,9,September,17,2,Wednesday,38,3,0,3,89.0,2215000.0,102.0,90.0,2381000.0,106.0,99.0,2433000.0,77.0,1882000.0,90.0,87.71428571428571,90.78571428571429,2223428.5714285714,2226357.1428571427
2025-09-18,SHOP001,88,103,2172000,1956756.769,215243.231,24681.81818181818,2025,9,September,18,3,Thursday,38,3,0,3,88.0,2116000.0,99.0,102.0,2455000.0,115.0,83.0,2092000.0,95.0,2277000.0,89.71428571428571,86.92857142857143,91.17857142857143,2185571.4285714286,2234714.285714286
2025-09-19,SHOP001,75,86,1814000,1634234.248,179765.752,24186.666666666668,2025,9,September,19,4,Friday,38,3,0,3,88.0,2172000.0,103.0,81.0,2012000.0,95.0,84.0,2013000.0,94.0,2196000.0,87.71428571428571,87.28571428571429,90.92857142857143,2145142.8571428573,2230964.285714286
2025-09-20,SHOP001,81,93,1760000,1585585.595,174414.405,21728.395061728395,2025,9,September,20,5,Saturday,38,3,1,3,75.0,1814000.0,86.0,94.0,2323000.0,108.0,93.0,2292000.0,84.0,2107000.0,86.85714285714286,86.64285714285714,90.25,2116857.1428571427,2217321.4285714286
2025-09-21,SHOP001,88,100,2016000,1816216.229,199783.771,22909.090909090908,2025,9,September,21,6,Sunday,38,3,1,3,81.0,1760000.0,93.0,95.0,2445000.0,109.0,82.0,2045000.0,87.0,2174000.0,85.0,85.78571428571429,90.14285714285714,2036428.5714285714,2204928.5714285714
2025-09-22,SHOP001,86,101,2072000,1866666.677,205333.323,24093.023255813954,2025,9,September,22,0,Monday,39,4,0,3,88.0,2016000.0,100.0,79.0,1733000.0,87.0,66.0,1643000.0,105.0,2567000.0,84.0,86.21428571428571,90.17857142857143,1975142.857142857,2199285.714285714
2025-09-23,SHOP001,82,98,2113000,1903603.613,209396.38700000002,25768.29268292683,2025,9,September,23,1,Tuesday,39,4,0,3,86.0,2072000.0,101.0,89.0,2215000.0,102.0,91.0,2330000.0,92.0,2414000.0,85.0,87.64285714285714,89.5,2023571.4285714286,2181607.1428571427
2025-09-24,SHOP001,108,125,2649000,2386486.502,262513.498,24527.777777777777,2025,9,September,24,2,Wednesday,39,4,0,3,82.0,2113000.0,98.0,88.0,2116000.0,99.0,90.0,2381000.0,87.0,2222000.0,84.0,87.0,89.14285714285714,2009000.0,2170857.1428571427
2025-09-25,SHOP001,102,119,2458000,2214414.428,243585.57200000001,24098.039215686276,2025,9,September,25,3,Thursday,39,4,0,3,108.0,2649000.0,125.0,88.0,2172000.0,103.0,102.0,2455000.0,88.0,2136000.0,86.85714285714286,88.28571428571429,89.89285714285714,2085142.857142857,2186107.1428571427
2025-09-26,SHOP001,89,104,2191000,1973873.888,217126.112,24617.977528089887,2025,9,September,26,4,Friday,39,4,0,3,102.0,2458000.0,119.0,75.0,1814000.0,86.0,81.0,2012000.0,102.0,2567000.0,88.85714285714286,88.28571428571429,90.39285714285714,2126000.0,2197607.1428571427
2025-09-27,SHOP001,116,129,2756000,2482882.902,273117.098,23758.620689655174,2025,9,September,27,5,Saturday,39,4,1,3,89.0,2191000.0,104.0,81.0,1760000.0,93.0,94.0,2323000.0,89.0,1822000.0,90.85714285714286,88.85714285714286,89.92857142857143,2179857.1428571427,2184178.5714285714
2025-09-28,SHOP001,88,96,2070000,1864864.876,205135.124,23522.727272727272,2025,9,September,28,6,Sunday,39,4,1,3,116.0,2756000.0,129.0,88.0,2016000.0,100.0,95.0,2445000.0,120.0,2881000.0,95.85714285714286,90.42857142857143,90.89285714285714,2322142.8571428573,2217535.714285714
2025-09-29,SHOP001,99,106,2279000,2053153.166,225846.834,23020.20202020202,2025,9,September,29,0,Monday,40,5,0,3,88.0,2070000.0,96.0,86.0,2072000.0,101.0,79.0,1733000.0,79.0,1946000.0,95.85714285714286,89.92857142857143,89.75,2329857.1428571427,2188571.4285714286
2025-09-30,SHOP001,92,105,2283000,2056756.77,226243.23,24815.217391304348,2025,9,September,30,1,Tuesday,40,5,0,3,99.0,2279000.0,106.0,82.0,2113000.0,98.0,89.0,2215000.0,115.0,2735000.0,97.71428571428571,91.35714285714286,90.46428571428571,2359428.5714285714,2200464.285714286
2025-01-02,SHOP002,51,64,1239000,1116216.221,122783.779,24294.117647058825,2025,1,January,2,3,Thursday,1,1,0,1,,,,,,,,,,,,,,,
2025-01-03,SHOP002,26,26,540000,486486.49,53513.51,20769.23076923077,2025,1,January,3,4,Friday,1,1,0,1,51.0,1239000.0,64.0,,,,,,,,51.0,51.0,51.0,1239000.0,1239000.0
2025-01-04,SHOP002,28,33,677000,609909.914,67090.086,24178.571428571428,2025,1,January,4,5,Saturday,1,1,1,1,26.0,540000.0,26.0,,,,,,,,38.5,38.5,38.5,889500.0,889500.0
2025-01-05,SHOP002,49,58,1228000,1106306.311,121693.689,25061.224489795917,2025,1,January,5,6,Sunday,1,1,1,1,28.0,677000.0,33.0,,,,,,,,35.0,35.0,35.0,818666.6666666666,818666.6666666666
2025-01-06,SHOP002,43,47,1033000,930630.636,102369.364,24023.25581395349,2025,1,January,6,0,Monday,2,1,0,1,49.0,1228000.0,58.0,,,,,,,,38.5,38.5,38.5,921000.0,921000.0
2025-01-07,SHOP002,40,46,950000,855855.86,94144.14,23750.0,2025,1,January,7,1,Tuesday,2,1,0,1,43.0,1033000.0,47.0,,,,,,,,39.4,39.4,39.4,943400.0,943400.0
2025-01-08,SHOP002,30,35,775000,698198.203,76801.797,25833.333333333332,2025,1,January,8,2,Wednesday,2,2,0,1,40.0,950000.0,46.0,,,,,,,,39.5,39.5,39.5,944500.0,944500.0
2025-01-09,SHOP002,31,36,829000,746846.8489999999,82153.151,26741.935483870966,2025,1,January,9,3,Thursday,2,2,0,1,30.0,775000.0,35.0,51.0,1239000.0,64.0,,,,,38.142857142857146,38.142857142857146,38.142857142857146,920285.7142857143,920285.7142857143
2025-01-10,SHOP002,36,37,855000,770270.275,84729.725,23750.0,2025,1,January,10,4,Friday,2,2,0,1,31.0,829000.0,36.0,26.0,540000.0,26.0,,,,,35.285714285714285,37.25,37.25,861714.2857142857,908875.0
2025-01-11,SHOP002,36,42,796000,717117.12,78882.88,22111.11111111111,2025,1,January,11,5,Saturday,2,2,1,1,36.0,855000.0,37.0,28.0,677000.0,33.0,,,,,36.714285714285715,37.111111111111114,37.111111111111114,906714.2857142857,902888.8888888889
2025-01-12,SHOP002,33,38,757000,681981.9839999999,75018.016,22939.39393939394,2025,1,January,12,6,Sunday,2,2,1,1,36.0,796000.0,42.0,49.0,1228000.0,58.0,,,,,37.857142857142854,37.0,37.0,923714.2857142857,892200.0
2025-01-13,SHOP002,43,51,1039000,936036.044,102963.956,24162.79069767442,2025,1,January,13,0,Monday,3,2,0,1,33.0,757000.0,38.0,43.0,1033000.0,47.0,,,,,35.57142857142857,36.63636363636363,36.63636363636363,856428.5714285715,879909.0909090909
2025-01-14,SHOP002,40,45,928000,836036.042,91963.958,23200.0,2025,1,January,14,1,Tuesday,3,2,0,1,43.0,1039000.0,51.0,40.0,950000.0,46.0,,,,,35.57142857142857,37.166666666666664,37.166666666666664,857285.7142857143,893166.6666666666
2025-01-15,SHOP002,30,37,738000,664864.869,73135.13100000001,24600.0,2025,1,January,15,2,Wednesday,3,3,0,1,40.0,928000.0,45.0,30.0,775000.0,35.0,,,,,35.57142857142857,37.38461538461539,37.38461538461539,854142.8571428572,895846.1538461539
2025-01-16,SHOP002,28,35,715000,644144.148,70855.852,25535.714285714286,2025,1,January,16,3,Thursday,3,3,0,1,30.0,738000.0,37.0,31.0,829000.0,36.0,51.0,1239000.0,,,35.57142857142857,36.857142857142854,36.857142857142854,848857.1428571428,884571.4285714285
2025-01-17,SHOP002,30,33,757000,681981.986,75018.014,25233.333333333332,2025,1,January,17,4,Friday,3,3,0,1,28.0,715000.0,35.0,36.0,855000.0,37.0,26.0,540000.0,,,35.142857142857146,35.214285714285715,36.266666666666666,832571.4285714285,873266.6666666666
2025-01-18,SHOP002,33,33,690000,621621.628,68378.372,20909.090909090908,2025,1,January,18,5,Saturday,3,3,1,1,30.0,757000.0,33.0,36.0,796000.0,42.0,28.0,677000.0,,,34.285714285714285,35.5,35.875,818571.4285714285,866000.0
2025-01-19,SHOP002,31,37,864000,778378.382,85621.618,27870.967741935485,2025,1,January,19,6,Sunday,3,3,1,1,33.0,690000.0,33.0,33.0,757000.0,38.0,49.0,1228000.0,,,33.857142857142854,35.857142857142854,35.705882352941174,803428.5714285715,855647.0588235294
2025-01-20,SHOP002,25,27,586000,527927.932,58072.068,23440.0,2025,1,January,20,0,Monday,4,3,0,1,31.0,864000.0,37.0,43.0,1039000.0,51.0,43.0,1033000.0,,,33.57142857142857,34.57142857142857,35.44444444444444,818714.2857142857,856111.1111111111
2025-01-21,SHOP002,40,48,1021000,919819.824,101180.176,25525.0,2025,1,January,21,1,Tuesday,4,3,0,1,25.0,586000.0,27.0,40.0,928000.0,45.0,40.0,950000.0,,,31.0,33.285714285714285,34.89473684210526,754000.0,841894.7368421053
2025-01-22,SHOP002,30,35,690000,621621.626,68378.374,23000.0,2025,1,January,22,2,Wednesday,4,4,0,1,40.0,1021000.0,48.0,30.0,738000.0,37.0,30.0,775000.0,,,31.0,33.285714285714285,35.15,767285.7142857143,850850.0
2025-01-23,SHOP002,33,37,772000,695495.502,76504.498,23393.939393939392,2025,1,January,23,3,Thursday,4,4,0,1,30.0,690000.0,35.0,28.0,715000.0,35.0,31.0,829000.0,,,31.0,33.285714285714285,34.904761904761905,760428.5714285715,843190.4761904762
2025-01-24,SHOP002,31,33,695000,626126.131,68873.869,22419.354838709678,2025,1,January,24,4,Friday,4,4,0,1,33.0,772000.0,37.0,30.0,757000.0,33.0,36.0,855000.0,,,31.714285714285715,33.42857142857143,34.81818181818182,768571.4285714285,839954.5454545454
2025-01-25,SHOP002,45,50,1058000,953153.16,104846.84,23511.11111111111,2025,1,January,25,5,Saturday,4,4,1,1,31.0,695000.0,33.0,33.0,690000.0,33.0,36.0,796000.0,,,31.857142857142858,33.07142857142857,34.65217391304348,759714.2857142857,833652.1739130435
2025-01-26,SHOP002,29,33,688000,619819.824,68180.176,23724.137931034482,2025,1,January,26,6,Sunday,4,4,1,1,45.0,1058000.0,50.0,31.0,864000.0,37.0,33.0,757000.0,,,33.57142857142857,33.714285714285715,35.083333333333336,812285.7142857143,843000.0
2025-01-27,SHOP002,27,34,738000,664864.869,73135.131,27333.333333333332,2025,1,January,27,0,Monday,5,4,0,1,29.0,688000.0,33.0,25.0,586000.0,27.0,43.0,1039000.0,,,33.285714285714285,33.42857142857143,34.84,787142.8571428572,836800.0
2025-01-28,SHOP002,32,37,802000,722522.527,79477.473,25062.5,2025,1,January,28,1,Tuesday,5,4,0,1,27.0,738000.0,34.0,40.0,1021000.0,48.0,40.0,928000.0,,,33.57142857142857,32.285714285714285,34.53846153846154,808857.1428571428,833000.0
2025-01-29,SHOP002,27,32,635000,572072.075,62927.925,23518.51851851852,2025,1,January,29,2,Wednesday,5,5,0,1,32.0,802000.0,37.0,30.0,690000.0,35.0,30.0,738000.0,,,32.42857142857143,31.714285714285715,34.44444444444444,777571.4285714285,831851.8518518518
2025-01-30,SHOP002,41,45,947000,853153.159,93846.841,23097.560975609755,2025,1,January,30,3,Thursday,5,5,0,1,27.0,635000.0,32.0,33.0,772000.0,37.0,28.0,715000.0,51.0,1239000.0,32.0,31.5,34.17857142857143,769714.2857142857,824821.4285714285
2025-01-31,SHOP002,49,56,1224000,1102702.713,121297.287,24979.591836734693,2025,1,January,31,4,Friday,5,5,0,1,41.0,947000.0,45.0,31.0,695000.0,33.0,30.0,757000.0,26.0,540000.0,33.142857142857146,32.42857142857143,33.82142857142857,794714.2857142857,814392.8571428572
2025-02-01,SHOP002,40,44,899000,809909.913,89090.087,22475.0,2025,2,February,1,5,Saturday,5,1,1,1,49.0,1224000.0,56.0,45.0,1058000.0,50.0,33.0,690000.0,28.0,677000.0,35.714285714285715,33.785714285714285,34.642857142857146,870285.7142857143,838821.4285714285
2025-02-02,SHOP002,35,40,871000,784684.69,86315.31,24885.714285714286,2025,2,February,2,6,Sunday,5,1,1,1,40.0,899000.0,44.0,29.0,688000.0,33.0,31.0,864000.0,49.0,1228000.0,35.0,34.285714285714285,35.07142857142857,847571.4285714285,846750.0
2025-02-03,SHOP002,40,41,910000,819819.825,90180.175,22750.0,2025,2,February,3,0,Monday,6,1,0,1,35.0,871000.0,40.0,27.0,738000.0,34.0,25.0,586000.0,43.0,1033000.0,35.857142857142854,34.57142857142857,34.57142857142857,873714.2857142857,834000.0
2025-02-04,SHOP002,32,40,883000,795495.499,87504.501,27593.75,2025,2,February,4,1,Tuesday,6,1,0,1,40.0,910000.0,41.0,32.0,802000.0,37.0,40.0,1021000.0,40.0,950000.0,37.714285714285715,35.642857142857146,34.464285714285715,898285.7142857143,829607.1428571428
2025-02-05,SHOP002,55,63,1247000,1123423.433,123576.567,22672.727272727272,2025,2,February,5,2,Wednesday,6,1,0,1,32.0,883000.0,40.0,27.0,635000.0,32.0,30.0,690000.0,30.0,775000.0,37.714285714285715,35.07142857142857,34.17857142857143,909857.1428571428,827214.2857142857
2025-02-06,SHOP002,55,63,1264000,1138738.744,125261.256,22981.81818181818,2025,2,February,6,3,Thursday,6,1,0,1,55.0,1247000.0,63.0,41.0,947000.0,45.0,33.0,772000.0,31.0,829000.0,41.714285714285715,36.857142857142854,35.07142857142857,997285.7142857143,844071.4285714285
2025-02-07,SHOP002,55,58,1210000,1090090.097,119909.903,22000.0,2025,2,February,7,4,Friday,6,1,0,1,55.0,1264000.0,63.0,49.0,1224000.0,56.0,31.0,695000.0,36.0,855000.0,43.714285714285715,38.42857142857143,35.92857142857143,1042571.4285714285,859607.1428571428
2025-02-08,SHOP002,52,57,1176000,1059459.468,116540.532,22615.384615384617,2025,2,February,8,5,Saturday,6,2,1,1,55.0,1210000.0,58.0,40.0,899000.0,44.0,45.0,1058000.0,36.0,796000.0,44.57142857142857,40.142857142857146,36.607142857142854,1040571.4285714285,872285.7142857143
2025-02-09,SHOP002,37,38,738000,664864.87,73135.13,19945.945945945947,2025,2,February,9,6,Sunday,6,2,1,1,52.0,1176000.0,57.0,35.0,871000.0,40.0,29.0,688000.0,33.0,757000.0,46.285714285714285,40.642857142857146,37.17857142857143,1080142.857142857,885857.1428571428
2025-02-10,SHOP002,42,48,957000,862162.168,94837.832,22785.714285714286,2025,2,February,10,0,Monday,7,2,0,1,37.0,738000.0,38.0,40.0,910000.0,41.0,27.0,738000.0,43.0,1039000.0,46.57142857142857,41.214285714285715,37.32142857142857,1061142.857142857,885178.5714285715
2025-02-11,SHOP002,44,53,974000,877477.481,96522.519,22136.363636363636,2025,2,February,11,1,Tuesday,7,2,0,1,42.0,957000.0,48.0,32.0,883000.0,40.0,32.0,802000.0,40.0,928000.0,46.857142857142854,42.285714285714285,37.285714285714285,1067857.142857143,882250.0
2025-02-12,SHOP002,42,47,1048000,944144.1510000001,103855.849,24952.380952380954,2025,2,February,12,2,Wednesday,7,2,0,1,44.0,974000.0,53.0,55.0,1247000.0,63.0,27.0,635000.0,30.0,738000.0,48.57142857142857,43.142857142857146,37.42857142857143,1080857.142857143,883892.8571428572
2025-02-13,SHOP002,43,52,1084000,976576.5819999999,107423.418,25209.302325581397,2025,2,February,13,3,Thursday,7,2,0,1,42.0,1048000.0,47.0,55.0,1264000.0,63.0,41.0,947000.0,28.0,715000.0,46.714285714285715,44.214285714285715,37.857142857142854,1052428.5714285714,894964.2857142857
2025-02-14,SHOP002,41,42,887000,799099.105,87900.895,21634.146341463416,2025,2,February,14,4,Friday,7,2,0,1,43.0,1084000.0,52.0,55.0,1210000.0,58.0,49.0,1224000.0,30.0,757000.0,45.0,44.357142857142854,38.392857142857146,1026714.2857142857,908142.8571428572
2025-02-15,SHOP002,33,38,824000,742342.347,81657.653,24969.696969696968,2025,2,February,15,5,Saturday,7,3,1,1,41.0,887000.0,42.0,52.0,1176000.0,57.0,40.0,899000.0,33.0,690000.0,43.0,43.785714285714285,38.785714285714285,980571.4285714285,912785.7142857143
2025-02-16,SHOP002,43,53,1121000,1009909.914,111090.086,26069.767441860466,2025,2,February,16,6,Sunday,7,3,1,1,33.0,824000.0,38.0,37.0,738000.0,38.0,35.0,871000.0,31.0,864000.0,40.285714285714285,43.285714285714285,38.785714285714285,930285.7142857143,917571.4285714285
2025-02-17,SHOP002,50,54,1164000,1048648.656,115351.344,23280.0,2025,2,February,17,0,Monday,8,3,0,1,43.0,1121000.0,53.0,42.0,957000.0,48.0,40.0,910000.0,25.0,586000.0,41.142857142857146,43.857142857142854,39.214285714285715,985000.0,926750.0
2025-02-18,SHOP002,44,47,943000,849549.557,93450.443,21431.81818181818,2025,2,February,18,1,Tuesday,8,3,0,1,50.0,1164000.0,54.0,44.0,974000.0,53.0,32.0,883000.0,40.0,1021000.0,42.285714285714285,44.57142857142857,40.107142857142854,1014571.4285714285,947392.8571428572
2025-02-19,SHOP002,48,55,1239000,1116216.221,122783.779,25812.5,2025,2,February,19,2,Wednesday,8,3,0,1,44.0,943000.0,47.0,42.0,1048000.0,47.0,55.0,1247000.0,30.0,690000.0,42.285714285714285,45.42857142857143,40.25,1010142.8571428572,944607.1428571428
2025-02-20,SHOP002,42,46,942000,848648.654,93351.346,22428.571428571428,2025,2,February,20,3,Thursday,8,3,0,1,48.0,1239000.0,55.0,43.0,1084000.0,52.0,55.0,1264000.0,33.0,772000.0,43.142857142857146,44.92857142857143,40.892857142857146,1037428.5714285715,964214.2857142857
2025-02-21,SHOP002,39,43,932000,839639.644,92360.356,23897.4358974359,2025,2,February,21,4,Friday,8,3,0,1,42.0,942000.0,46.0,41.0,887000.0,42.0,55.0,1210000.0,31.0,695000.0,43.0,44.0,41.214285714285715,1017142.8571428572,970285.7142857143
2025-02-22,SHOP002,37,46,983000,885585.591,97414.409,26567.567567567567,2025,2,February,22,5,Saturday,8,4,1,1,39.0,932000.0,43.0,33.0,824000.0,38.0,52.0,1176000.0,45.0,1058000.0,42.714285714285715,42.857142857142854,41.5,1023571.4285714285,978750.0
2025-02-23,SHOP002,31,34,687000,618918.923,68081.077,22161.290322580644,2025,2,February,23,6,Sunday,8,4,1,1,37.0,983000.0,46.0,43.0,1121000.0,53.0,37.0,738000.0,29.0,688000.0,43.285714285714285,41.785714285714285,41.214285714285715,1046285.7142857143,976071.4285714285
2025-02-24,SHOP002,47,56,1219000,1098198.204,120801.796,25936.17021276596,2025,2,February,24,0,Monday,9,4,0,1,31.0,687000.0,34.0,50.0,1164000.0,54.0,42.0,957000.0,27.0,738000.0,41.57142857142857,41.357142857142854,41.285714285714285,984285.7142857143,976035.7142857143
2025-02-25,SHOP002,38,41,849000,764864.871,84135.129,22342.105263157893,2025,2,February,25,1,Tuesday,9,4,0,1,47.0,1219000.0,56.0,44.0,943000.0,47.0,44.0,974000.0,32.0,802000.0,41.142857142857146,41.714285714285715,42.0,992142.8571428572,993214.2857142857
2025-02-26,SHOP002,34,38,772000,695495.5,76504.5,22705.882352941175,2025,2,February,26,2,Wednesday,9,4,0,1,38.0,849000.0,41.0,48.0,1239000.0,55.0,42.0,1048000.0,27.0,635000.0,40.285714285714285,41.285714285714285,42.214285714285715,978714.2857142857,994892.8571428572
2025-02-27,SHOP002,36,45,995000,896396.399,98603.601,27638.88888888889,2025,2,February,27,3,Thursday,9,4,0,1,34.0,772000.0,38.0,42.0,942000.0,46.0,43.0,1084000.0,41.0,947000.0,38.285714285714285,40.714285714285715,42.464285714285715,912000.0,999785.7142857143
2025-02-28,SHOP002,52,63,1412000,1272072.079,139927.921,27153.846153846152,2025,2,February,28,4,Friday,9,4,0,1,36.0,995000.0,45.0,39.0,932000.0,43.0,41.0,887000.0,49.0,1224000.0,37.42857142857143,40.214285714285715,42.285714285714285,919571.4285714285,1001500.0
2025-03-01,SHOP002,44,50,1137000,1024324.33,112675.67,25840.909090909092,2025,3,March,1,5,Saturday,9,1,1,1,52.0,1412000.0,63.0,37.0,983000.0,46.0,33.0,824000.0,40.0,899000.0,39.285714285714285,41.0,42.392857142857146,988142.8571428572,1008214.2857142857
2025-03-02,SHOP002,26,28,537000,483783.788,53216.212,20653.846153846152,2025,3,March,2,6,Sunday,9,1,1,1,44.0,1137000.0,50.0,31.0,687000.0,34.0,43.0,1121000.0,35.0,871000.0,40.285714285714285,41.785714285714285,42.535714285714285,1010142.8571428572,1016714.2857142857
2025-03-03,SHOP002,32,38,766000,690090.094,75909.906,23937.5,2025,3,March,3,0,Monday,10,1,0,1,26.0,537000.0,28.0,47.0,1219000.0,56.0,50.0,1164000.0,40.0,910000.0,39.57142857142857,40.57142857142857,42.214285714285715,988714.2857142857,1004785.7142857143
2025-03-04,SHOP002,36,43,935000,842342.347,92657.653,25972.222222222223,2025,3,March,4,1,Tuesday,10,1,0,1,32.0,766000.0,38.0,38.0,849000.0,41.0,44.0,943000.0,32.0,883000.0,37.42857142857143,39.285714285714285,41.92857142857143,924000.0,999642.8571428572
2025-03-05,SHOP002,41,48,962000,866666.671,95333.329,23463.414634146342,2025,3,March,5,2,Wednesday,10,1,0,1,36.0,935000.0,43.0,34.0,772000.0,38.0,48.0,1239000.0,55.0,1247000.0,37.142857142857146,38.714285714285715,42.07142857142857,936285.7142857143,1001500.0
2025-03-06,SHOP002,26,29,659000,593693.698,65306.301999999996,25346.153846153848,2025,3,March,6,3,Thursday,10,1,0,1,41.0,962000.0,48.0,36.0,995000.0,45.0,42.0,942000.0,55.0,1264000.0,38.142857142857146,38.214285714285715,41.57142857142857,963428.5714285715,991321.4285714285
2025-03-07,SHOP002,30,32,655000,590090.095,64909.905,21833.333333333332,2025,3,March,7,4,Friday,10,1,0,1,26.0,659000.0,29.0,52.0,1412000.0,63.0,39.0,932000.0,55.0,1210000.0,36.714285714285715,37.07142857142857,40.535714285714285,915428.5714285715,969714.2857142857
2025-03-08,SHOP002,31,34,778000,700900.904,77099.096,25096.774193548386,2025,3,March,8,5,Saturday,10,2,1,1,30.0,655000.0,32.0,44.0,1137000.0,50.0,37.0,983000.0,52.0,1176000.0,33.57142857142857,36.42857142857143,39.642857142857146,807285.7142857143,949892.8571428572
2025-03-09,SHOP002,31,35,739000,665765.77,73234.23,23838.709677419356,2025,3,March,9,6,Sunday,10,2,1,1,31.0,778000.0,34.0,26.0,537000.0,28.0,31.0,687000.0,37.0,738000.0,31.714285714285715,36.0,38.892857142857146,756000.0,935678.5714285715
2025-03-10,SHOP002,33,39,839000,755855.86,83144.14,25424.242424242424,2025,3,March,10,0,Monday,11,2,0,1,31.0,739000.0,35.0,32.0,766000.0,38.0,47.0,1219000.0,42.0,957000.0,32.42857142857143,36.0,38.67857142857143,784857.1428571428,935714.2857142857
2025-03-11,SHOP002,28,31,653000,588288.293,64711.707,23321.428571428572,2025,3,March,11,1,Tuesday,11,2,0,1,33.0,839000.0,39.0,36.0,935000.0,43.0,38.0,849000.0,44.0,974000.0,32.57142857142857,35.0,38.357142857142854,795285.7142857143,931500.0
2025-03-12,SHOP002,47,56,1206000,1086486.492,119513.508,25659.574468085106,2025,3,March,12,2,Wednesday,11,2,0,1,28.0,653000.0,31.0,41.0,962000.0,48.0,34.0,772000.0,42.0,1048000.0,31.428571428571427,34.285714285714285,37.785714285714285,755000.0,920035.7142857143
2025-03-13,SHOP002,32,37,878000,790990.997,87009.003,27437.5,2025,3,March,13,3,Thursday,11,2,0,1,47.0,1206000.0,56.0,26.0,659000.0,29.0,36.0,995000.0,43.0,1084000.0,32.285714285714285,35.214285714285715,37.964285714285715,789857.1428571428,925678.5714285715
2025-03-14,SHOP002,34,41,865000,779279.284,85720.716,25441.176470588234,2025,3,March,14,4,Friday,11,2,0,1,32.0,878000.0,37.0,30.0,655000.0,32.0,52.0,1412000.0,41.0,887000.0,33.142857142857146,34.92857142857143,37.57142857142857,821142.8571428572,918321.4285714285
2025-03-15,SHOP002,43,46,909000,818918.9249999999,90081.075,21139.53488372093,2025,3,March,15,5,Saturday,11,3,1,1,34.0,865000.0,41.0,31.0,778000.0,34.0,44.0,1137000.0,33.0,824000.0,33.714285714285715,33.642857142857146,37.32142857142857,851142.8571428572,917535.7142857143
2025-03-16,SHOP002,48,56,1106000,996396.403,109603.597,23041.666666666668,2025,3,March,16,6,Sunday,11,3,1,1,43.0,909000.0,46.0,31.0,739000.0,35.0,26.0,537000.0,43.0,1121000.0,35.42857142857143,33.57142857142857,37.67857142857143,869857.1428571428,920571.4285714285
2025-03-17,SHOP002,37,43,883000,795495.503,87504.497,23864.864864864863,2025,3,March,17,0,Monday,12,3,0,1,48.0,1106000.0,56.0,33.0,839000.0,39.0,32.0,766000.0,50.0,1164000.0,37.857142857142854,35.142857142857146,37.857142857142854,922285.7142857143,920035.7142857143
2025-03-18,SHOP002,43,51,1107000,997297.304,109702.696,25744.18604651163,2025,3,March,18,1,Tuesday,12,3,0,1,37.0,883000.0,43.0,28.0,653000.0,31.0,36.0,935000.0,44.0,943000.0,38.42857142857143,35.5,37.392857142857146,928571.4285714285,910000.0
2025-03-19,SHOP002,32,36,743000,669369.373,73630.627,23218.75,2025,3,March,19,2,Wednesday,12,3,0,1,43.0,1107000.0,51.0,47.0,1206000.0,56.0,41.0,962000.0,48.0,1239000.0,40.57142857142857,36.0,37.357142857142854,993428.5714285715,915857.1428571428
2025-03-20,SHOP002,38,40,818000,736936.94,81063.06,21526.315789473683,2025,3,March,20,3,Thursday,12,3,0,1,32.0,743000.0,36.0,32.0,878000.0,37.0,26.0,659000.0,42.0,942000.0,38.42857142857143,35.357142857142854,36.785714285714285,927285.7142857143,898142.8571428572
2025-03-21,SHOP002,27,30,545000,490990.996,54009.004,20185.185185185186,2025,3,March,21,4,Friday,12,3,0,1,38.0,818000.0,40.0,34.0,865000.0,41.0,30.0,655000.0,39.0,932000.0,39.285714285714285,36.214285714285715,36.642857142857146,918714.2857142857,893714.2857142857
2025-03-22,SHOP002,31,37,764000,688288.2930000001,75711.707,24645.16129032258,2025,3,March,22,5,Saturday,12,4,1,1,27.0,545000.0,30.0,43.0,909000.0,46.0,31.0,778000.0,37.0,983000.0,38.285714285714285,36.0,36.214285714285715,873000.0,879892.8571428572
2025-03-23,SHOP002,31,32,610000,549549.556,60450.444,19677.41935483871,2025,3,March,23,6,Sunday,12,4,1,1,31.0,764000.0,37.0,48.0,1106000.0,56.0,31.0,739000.0,31.0,687000.0,36.57142857142857,36.0,36.0,852285.7142857143,872071.4285714285
2025-03-24,SHOP002,45,55,1167000,1051351.354,115648.64600000001,25933.333333333332,2025,3,March,24,0,Monday,13,4,0,1,31.0,610000.0,32.0,37.0,883000.0,43.0,33.0,839000.0,47.0,1219000.0,34.142857142857146,36.0,36.0,781428.5714285715,869321.4285714285
2025-03-25,SHOP002,28,33,756000,681081.085,74918.915,27000.0,2025,3,March,25,1,Tuesday,13,4,0,1,45.0,1167000.0,55.0,43.0,1107000.0,51.0,28.0,653000.0,38.0,849000.0,35.285714285714285,36.857142857142854,35.92857142857143,822000.0,867464.2857142857
2025-03-26,SHOP002,41,47,980000,882882.888,97117.112,23902.439024390245,2025,3,March,26,2,Wednesday,13,4,0,1,28.0,756000.0,33.0,32.0,743000.0,36.0,47.0,1206000.0,34.0,772000.0,33.142857142857146,36.857142857142854,35.57142857142857,771857.1428571428,864142.8571428572
2025-03-27,SHOP002,38,45,951000,856756.76,94243.24,25026.315789473683,2025,3,March,27,3,Thursday,13,4,0,1,41.0,980000.0,47.0,38.0,818000.0,40.0,32.0,878000.0,36.0,995000.0,34.42857142857143,36.42857142857143,35.82142857142857,805714.2857142857,871571.4285714285
2025-03-28,SHOP002,29,34,713000,642342.346,70657.654,24586.206896551725,2025,3,March,28,4,Friday,13,4,0,1,38.0,951000.0,45.0,27.0,545000.0,30.0,34.0,865000.0,52.0,1412000.0,34.42857142857143,36.857142857142854,35.892857142857146,824714.2857142857,870000.0
2025-03-29,SHOP002,39,40,833000,750450.456,82549.544,21358.97435897436,2025,3,March,29,5,Saturday,13,5,1,1,29.0,713000.0,34.0,31.0,764000.0,37.0,43.0,909000.0,44.0,1137000.0,34.714285714285715,36.5,35.07142857142857,848714.2857142857,845035.7142857143
2025-03-30,SHOP002,38,43,893000,804504.509,88495.491,23500.0,2025,3,March,30,6,Sunday,13,5,1,1,39.0,833000.0,40.0,31.0,610000.0,32.0,48.0,1106000.0,26.0,537000.0,35.857142857142854,36.214285714285715,34.892857142857146,858571.4285714285,834178.5714285715
2025-03-31,SHOP002,36,42,916000,825225.226,90774.774,25444.444444444445,2025,3,March,31,0,Monday,14,5,0,1,38.0,893000.0,43.0,45.0,1167000.0,55.0,37.0,883000.0,32.0,766000.0,36.857142857142854,35.5,35.32142857142857,899000.0,846892.8571428572
2025-04-01,SHOP002,22,24,437000,393693.696,43306.304000000004,19863.636363636364,2025,4,April,1,1,Tuesday,14,1,0,2,36.0,916000.0,42.0,28.0,756000.0,33.0,43.0,1107000.0,36.0,935000.0,35.57142857142857,35.42857142857143,35.464285714285715,863142.8571428572,852250.0
2025-04-02,SHOP002,24,28,572000,515315.317,56684.683000000005,23833.333333333332,2025,4,April,2,2,Wednesday,14,1,0,2,22.0,437000.0,24.0,41.0,980000.0,47.0,32.0,743000.0,41.0,962000.0,34.714285714285715,33.92857142857143,34.964285714285715,817571.4285714285,834464.2857142857
2025-04-03,SHOP002,28,32,620000,558558.563,61441.437,22142.85714285714,2025,4,April,3,3,Thursday,14,1,0,2,24.0,572000.0,28.0,38.0,951000.0,45.0,38.0,818000.0,26.0,659000.0,32.285714285714285,33.357142857142854,34.357142857142854,759285.7142857143,820535.7142857143
2025-04-04,SHOP002,27,28,583000,525225.231,57774.769,21592.59259259259,2025,4,April,4,4,Friday,14,1,0,2,28.0,620000.0,32.0,29.0,713000.0,34.0,27.0,545000.0,30.0,655000.0,30.857142857142858,32.642857142857146,34.42857142857143,712000.0,819142.8571428572
2025-04-05,SHOP002,37,42,886000,798198.204,87801.796,23945.945945945947,2025,4,April,5,5,Saturday,14,1,1,2,27.0,583000.0,28.0,39.0,833000.0,40.0,31.0,764000.0,31.0,778000.0,30.571428571428573,32.642857142857146,34.32142857142857,693428.5714285715,816571.4285714285
2025-04-06,SHOP002,17,20,478000,430630.634,47369.366,28117.647058823528,2025,4,April,6,6,Sunday,14,1,1,2,37.0,886000.0,42.0,38.0,893000.0,43.0,31.0,610000.0,31.0,739000.0,30.285714285714285,33.07142857142857,34.535714285714285,701000.0,820428.5714285715
2025-04-07,SHOP002,31,34,719000,647747.753,71252.247,23193.548387096773,2025,4,April,7,0,Monday,15,1,0,2,17.0,478000.0,20.0,36.0,916000.0,42.0,45.0,1167000.0,33.0,839000.0,27.285714285714285,32.07142857142857,34.035714285714285,641714.2857142857,811107.1428571428
2025-04-08,SHOP002,35,40,871000,784684.691,86315.30900000001,24885.714285714286,2025,4,April,8,1,Tuesday,15,2,0,2,31.0,719000.0,34.0,22.0,437000.0,24.0,28.0,756000.0,28.0,653000.0,26.571428571428573,31.071428571428573,33.964285714285715,613571.4285714285,806821.4285714285
2025-04-09,SHOP002,18,21,448000,403603.605,44396.395,24888.88888888889,2025,4,April,9,2,Wednesday,15,2,0,2,35.0,871000.0,40.0,24.0,572000.0,28.0,41.0,980000.0,47.0,1206000.0,28.428571428571427,31.571428571428573,34.214285714285715,675571.4285714285,814607.1428571428
2025-04-10,SHOP002,29,35,683000,615315.319,67684.681,23551.724137931036,2025,4,April,10,3,Thursday,15,2,0,2,18.0,448000.0,21.0,28.0,620000.0,32.0,38.0,951000.0,32.0,878000.0,27.571428571428573,29.928571428571427,33.17857142857143,657857.1428571428,787535.7142857143
2025-04-11,SHOP002,27,28,633000,570270.275,62729.725,23444.444444444445,2025,4,April,11,4,Friday,15,2,0,2,29.0,683000.0,35.0,27.0,583000.0,28.0,29.0,713000.0,34.0,865000.0,27.714285714285715,29.285714285714285,33.07142857142857,666857.1428571428,780571.4285714285
2025-04-12,SHOP002,26,32,764000,688288.291,75711.709,29384.615384615383,2025,4,April,12,5,Saturday,15,2,1,2,27.0,633000.0,28.0,37.0,886000.0,42.0,39.0,833000.0,43.0,909000.0,27.714285714285715,29.142857142857142,32.82142857142857,674000.0,772285.7142857143
2025-04-13,SHOP002,24,26,539000,485585.589,53414.411,22458.333333333332,2025,4,April,13,6,Sunday,15,2,1,2,26.0,764000.0,32.0,17.0,478000.0,20.0,38.0,893000.0,48.0,1106000.0,26.142857142857142,28.214285714285715,32.214285714285715,656571.4285714285,767107.1428571428
2025-04-14,SHOP002,25,28,587000,528828.8319999999,58171.168,23480.0,2025,4,April,14,0,Monday,16,2,0,2,24.0,539000.0,26.0,31.0,719000.0,34.0,36.0,916000.0,37.0,883000.0,27.142857142857142,27.214285714285715,31.357142857142858,665285.7142857143,746857.1428571428
2025-04-15,SHOP002,31,34,688000,619819.823,68180.177,22193.548387096773,2025,4,April,15,1,Tuesday,16,3,0,2,25.0,587000.0,28.0,35.0,871000.0,40.0,22.0,437000.0,43.0,1107000.0,26.285714285714285,26.428571428571427,30.928571428571427,646428.5714285715,736285.7142857143
2025-04-16,SHOP002,19,24,573000,516216.22,56783.78,30157.894736842107,2025,4,April,16,2,Wednesday,16,3,0,2,31.0,688000.0,34.0,18.0,448000.0,21.0,24.0,572000.0,32.0,743000.0,25.714285714285715,27.071428571428573,30.5,620285.7142857143,721321.4285714285
2025-04-17,SHOP002,30,35,763000,687387.392,75612.608,25433.333333333332,2025,4,April,17,3,Thursday,16,3,0,2,19.0,573000.0,24.0,29.0,683000.0,35.0,28.0,620000.0,38.0,818000.0,25.857142857142858,26.714285714285715,30.035714285714285,638142.8571428572,715250.0
2025-04-18,SHOP002,43,50,1096000,987387.393,108612.607,25488.372093023256,2025,4,April,18,4,Friday,16,3,0,2,30.0,763000.0,35.0,27.0,633000.0,28.0,27.0,583000.0,27.0,545000.0,26.0,26.857142857142858,29.75,649571.4285714285,713285.7142857143
2025-04-19,SHOP002,14,16,393000,354054.054,38945.945999999996,28071.428571428572,2025,4,April,19,5,Saturday,16,3,1,2,43.0,1096000.0,50.0,26.0,764000.0,32.0,37.0,886000.0,31.0,764000.0,28.285714285714285,28.0,30.321428571428573,715714.2857142857,732964.2857142857
2025-04-20,SHOP002,24,27,575000,518018.021,56981.979,23958.333333333332,2025,4,April,20,6,Sunday,16,3,1,2,14.0,393000.0,16.0,24.0,539000.0,26.0,17.0,478000.0,31.0,610000.0,26.571428571428573,26.357142857142858,29.714285714285715,662714.2857142857,719714.2857142857
2025-04-21,SHOP002,35,44,879000,791891.898,87108.102,25114.285714285714,2025,4,April,21,0,Monday,17,3,0,2,24.0,575000.0,27.0,25.0,587000.0,28.0,31.0,719000.0,45.0,1167000.0,26.571428571428573,26.857142857142858,29.464285714285715,667857.1428571428,718464.2857142857
2025-04-22,SHOP002,25,27,616000,554954.959,61045.041,24640.0,2025,4,April,22,1,Tuesday,17,4,0,2,35.0,879000.0,44.0,31.0,688000.0,34.0,35.0,871000.0,28.0,756000.0,28.0,27.142857142857142,29.107142857142858,709571.4285714285,708178.5714285715
2025-04-23,SHOP002,26,29,602000,542342.346,59657.654,23153.846153846152,2025,4,April,23,2,Wednesday,17,4,0,2,25.0,616000.0,27.0,19.0,573000.0,24.0,18.0,448000.0,41.0,980000.0,27.142857142857142,26.428571428571427,29.0,699285.7142857143,703178.5714285715
2025-04-24,SHOP002,40,47,960000,864864.871,95135.129,24000.0,2025,4,April,24,3,Thursday,17,4,0,2,26.0,602000.0,29.0,30.0,763000.0,35.0,29.0,683000.0,38.0,951000.0,28.142857142857142,27.0,28.464285714285715,703428.5714285715,689678.5714285715
2025-04-25,SHOP002,26,29,642000,578378.382,63621.618,24692.30769230769,2025,4,April,25,4,Friday,17,4,0,2,40.0,960000.0,47.0,43.0,1096000.0,50.0,27.0,633000.0,29.0,713000.0,29.571428571428573,27.785714285714285,28.535714285714285,731571.4285714285,690000.0
2025-04-26,SHOP002,31,35,728000,655855.862,72144.138,23483.870967741936,2025,4,April,26,5,Saturday,17,4,1,2,26.0,642000.0,29.0,14.0,393000.0,16.0,26.0,764000.0,39.0,833000.0,27.142857142857142,27.714285714285715,28.428571428571427,666714.2857142857,687464.2857142857
2025-04-27,SHOP002,33,39,847000,763063.066,83936.934,25666.666666666668,2025,4,April,27,6,Sunday,17,4,1,2,31.0,728000.0,35.0,24.0,575000.0,27.0,24.0,539000.0,38.0,893000.0,29.571428571428573,28.071428571428573,28.142857142857142,714571.4285714285,683714.2857142857
2025-04-28,SHOP002,25,30,592000,533333.336,58666.664,23680.0,2025,4,April,28,0,Monday,18,4,0,2,33.0,847000.0,39.0,35.0,879000.0,44.0,25.0,587000.0,36.0,916000.0,30.857142857142858,28.714285714285715,27.964285714285715,753428.5714285715,682071.4285714285
2025-04-29,SHOP002,20,25,531000,478378.382,52621.618,26550.0,2025,4,April,29,1,Tuesday,18,5,0,2,25.0,592000.0,30.0,25.0,616000.0,27.0,31.0,688000.0,22.0,437000.0,29.428571428571427,28.714285714285715,27.571428571428573,712428.5714285715,670500.0
2025-04-30,SHOP002,15,17,333000,300000.002,32999.998,22200.0,2025,4,April,30,2,Wednesday,18,5,0,2,20.0,531000.0,25.0,26.0,602000.0,29.0,19.0,573000.0,24.0,572000.0,28.714285714285715,27.928571428571427,27.5,700285.7142857143,673857.1428571428
2025-05-01,SHOP002,33,39,794000,715315.321,78684.679,24060.60606060606,2025,5,May,1,3,Thursday,18,1,0,2,15.0,333000.0,17.0,40.0,960000.0,47.0,30.0,763000.0,28.0,620000.0,27.142857142857142,27.642857142857142,27.178571428571427,661857.1428571428,665321.4285714285
2025-05-02,SHOP002,33,38,800000,720720.726,79279.274,24242.424242424244,2025,5,May,2,4,Friday,18,1,0,2,33.0,794000.0,39.0,26.0,642000.0,29.0,43.0,1096000.0,27.0,583000.0,26.142857142857142,27.857142857142858,27.357142857142858,638142.8571428572,671535.7142857143
2025-05-03,SHOP002,30,32,603000,543243.247,59756.753,20100.0,2025,5,May,3,5,Saturday,18,1,1,2,33.0,800000.0,38.0,31.0,728000.0,35.0,14.0,393000.0,37.0,886000.0,27.142857142857142,27.142857142857142,27.571428571428573,660714.2857142857,679285.7142857143
2025-05-04,SHOP002,39,47,1060000,954954.959,105045.041,27179.48717948718,2025,5,May,4,6,Sunday,18,1,1,2,30.0,603000.0,32.0,33.0,847000.0,39.0,24.0,575000.0,17.0,478000.0,27.0,28.285714285714285,27.321428571428573,642857.1428571428,669178.5714285715
2025-05-05,SHOP002,29,33,675000,608108.112,66891.888,23275.862068965518,2025,5,May,5,0,Monday,19,1,0,2,39.0,1060000.0,47.0,25.0,592000.0,30.0,35.0,879000.0,31.0,719000.0,27.857142857142858,29.357142857142858,28.107142857142858,673285.7142857143,689964.2857142857
2025-05-06,SHOP002,31,33,669000,602702.705,66297.295,21580.645161290322,2025,5,May,6,1,Tuesday,19,1,0,2,29.0,675000.0,33.0,20.0,531000.0,25.0,25.0,616000.0,35.0,871000.0,28.428571428571427,28.928571428571427,28.035714285714285,685142.8571428572,688392.8571428572
2025-05-07,SHOP002,42,44,911000,820720.724,90279.276,21690.47619047619,2025,5,May,7,2,Wednesday,19,1,0,2,31.0,669000.0,33.0,15.0,333000.0,17.0,26.0,602000.0,18.0,448000.0,30.0,29.357142857142858,27.892857142857142,704857.1428571428,681178.5714285715
2025-05-08,SHOP002,35,40,770000,693693.699,76306.301,22000.0,2025,5,May,8,3,Thursday,19,2,0,2,42.0,911000.0,44.0,33.0,794000.0,39.0,40.0,960000.0,29.0,683000.0,33.857142857142854,30.5,28.75,787428.5714285715,697714.2857142857
2025-05-09,SHOP002,33,40,874000,787387.393,86612.607,26484.848484848484,2025,5,May,9,4,Friday,19,2,0,2,35.0,770000.0,40.0,33.0,800000.0,38.0,26.0,642000.0,27.0,633000.0,34.142857142857146,30.142857142857142,28.964285714285715,784000.0,700821.4285714285
2025-05-10,SHOP002,35,39,778000,700900.904,77099.096,22228.571428571428,2025,5,May,10,5,Saturday,19,2,1,2,33.0,874000.0,40.0,30.0,603000.0,32.0,31.0,728000.0,26.0,764000.0,34.142857142857146,30.642857142857142,29.178571428571427,794571.4285714285,709428.5714285715
2025-05-11,SHOP002,40,47,1117000,1006306.3099999999,110693.69,27925.0,2025,5,May,11,6,Sunday,19,2,1,2,35.0,778000.0,39.0,39.0,1060000.0,47.0,33.0,847000.0,24.0,539000.0,34.857142857142854,30.928571428571427,29.5,819571.4285714285,709928.5714285715
2025-05-12,SHOP002,30,31,604000,544144.149,59855.851,20133.333333333332,2025,5,May,12,0,Monday,20,2,0,2,40.0,1117000.0,47.0,29.0,675000.0,33.0,25.0,592000.0,25.0,587000.0,35.0,31.428571428571427,30.071428571428573,827714.2857142857,730571.4285714285
2025-05-13,SHOP002,38,45,914000,823423.427,90576.573,24052.63157894737,2025,5,May,13,1,Tuesday,20,2,0,2,30.0,604000.0,31.0,31.0,669000.0,33.0,20.0,531000.0,31.0,688000.0,35.142857142857146,31.785714285714285,30.25,817571.4285714285,731178.5714285715
2025-05-14,SHOP002,38,41,774000,697297.302,76702.698,20368.42105263158,2025,5,May,14,2,Wednesday,20,2,0,2,38.0,914000.0,45.0,42.0,911000.0,44.0,15.0,333000.0,19.0,573000.0,36.142857142857146,33.07142857142857,30.5,852571.4285714285,739250.0
2025-05-15,SHOP002,34,40,903000,813513.52,89486.48,26558.823529411766,2025,5,May,15,3,Thursday,20,3,0,2,38.0,774000.0,41.0,35.0,770000.0,40.0,33.0,794000.0,30.0,763000.0,35.57142857142857,34.714285714285715,31.178571428571427,833000.0,746428.5714285715
2025-05-16,SHOP002,30,33,695000,626126.131,68873.869,23166.666666666668,2025,5,May,16,4,Friday,20,3,0,2,34.0,903000.0,40.0,33.0,874000.0,40.0,33.0,800000.0,43.0,1096000.0,35.42857142857143,34.785714285714285,31.321428571428573,852000.0,751428.5714285715
2025-05-17,SHOP002,29,34,726000,654054.059,71945.941,25034.48275862069,2025,5,May,17,5,Saturday,20,3,1,2,30.0,695000.0,33.0,35.0,778000.0,39.0,30.0,603000.0,14.0,393000.0,35.0,34.57142857142857,30.857142857142858,826428.5714285715,737107.1428571428
2025-05-18,SHOP002,34,42,896000,807207.212,88792.788,26352.941176470587,2025,5,May,18,6,Sunday,20,3,1,2,29.0,726000.0,34.0,40.0,1117000.0,47.0,39.0,1060000.0,24.0,575000.0,34.142857142857146,34.5,31.392857142857142,819000.0,749000.0
2025-05-19,SHOP002,37,41,785000,707207.213,77792.787,21216.216216216217,2025,5,May,19,0,Monday,21,3,0,2,34.0,896000.0,42.0,30.0,604000.0,31.0,29.0,675000.0,35.0,879000.0,33.285714285714285,34.142857142857146,31.75,787428.5714285715,760464.2857142857
2025-05-20,SHOP002,38,42,844000,760360.365,83639.635,22210.526315789473,2025,5,May,20,1,Tuesday,21,3,0,2,37.0,785000.0,41.0,38.0,914000.0,45.0,31.0,669000.0,25.0,616000.0,34.285714285714285,34.714285714285715,31.821428571428573,813285.7142857143,757107.1428571428
2025-05-21,SHOP002,45,52,1128000,1016216.223,111783.777,25066.666666666668,2025,5,May,21,2,Wednesday,21,3,0,2,38.0,844000.0,42.0,38.0,774000.0,41.0,42.0,911000.0,26.0,602000.0,34.285714285714285,35.214285714285715,32.285714285714285,803285.7142857143,765250.0
2025-05-22,SHOP002,29,32,641000,577477.482,63522.518,22103.44827586207,2025,5,May,22,3,Thursday,21,4,0,2,45.0,1128000.0,52.0,34.0,903000.0,40.0,35.0,770000.0,40.0,960000.0,35.285714285714285,35.42857142857143,32.964285714285715,853857.1428571428,784035.7142857143
2025-05-23,SHOP002,31,36,875000,788288.294,86711.706,28225.8064516129,2025,5,May,23,4,Friday,21,4,0,2,29.0,641000.0,32.0,30.0,695000.0,33.0,33.0,874000.0,26.0,642000.0,34.57142857142857,35.0,32.57142857142857,816428.5714285715,772642.8571428572
2025-05-24,SHOP002,39,47,1064000,958558.564,105441.436,27282.05128205128,2025,5,May,24,5,Saturday,21,4,1,2,31.0,875000.0,36.0,29.0,726000.0,34.0,35.0,778000.0,31.0,728000.0,34.714285714285715,34.857142857142854,32.75,842142.8571428572,780964.2857142857
2025-05-25,SHOP002,48,56,1133000,1020720.726,112279.274,23604.166666666668,2025,5,May,25,6,Sunday,21,4,1,2,39.0,1064000.0,47.0,34.0,896000.0,42.0,40.0,1117000.0,33.0,847000.0,36.142857142857146,35.142857142857146,33.035714285714285,890428.5714285715,792964.2857142857
2025-05-26,SHOP002,42,47,1025000,923423.433,101576.567,24404.761904761905,2025,5,May,26,0,Monday,22,4,0,2,48.0,1133000.0,56.0,37.0,785000.0,41.0,30.0,604000.0,25.0,592000.0,38.142857142857146,35.714285714285715,33.57142857142857,924285.7142857143,803178.5714285715
2025-05-27,SHOP002,49,55,1213000,1092792.801,120207.199,24755.102040816328,2025,5,May,27,1,Tuesday,22,4,0,2,42.0,1025000.0,47.0,38.0,844000.0,42.0,38.0,914000.0,20.0,531000.0,38.857142857142854,36.57142857142857,34.17857142857143,958571.4285714285,818642.8571428572
2025-05-28,SHOP002,35,44,934000,841441.446,92558.554,26685.714285714286,2025,5,May,28,2,Wednesday,22,4,0,2,49.0,1213000.0,55.0,45.0,1128000.0,52.0,38.0,774000.0,15.0,333000.0,40.42857142857143,37.357142857142854,35.214285714285715,1011285.7142857143,843000.0
2025-05-29,SHOP002,36,41,876000,789189.194,86810.806,24333.333333333332,2025,5,May,29,3,Thursday,22,5,0,2,35.0,934000.0,44.0,29.0,641000.0,32.0,34.0,903000.0,33.0,794000.0,39.0,37.142857142857146,35.92857142857143,983571.4285714285,864464.2857142857
2025-05-30,SHOP002,28,32,648000,583783.786,64216.214,23142.85714285714,2025,5,May,30,4,Friday,22,5,0,2,36.0,876000.0,41.0,31.0,875000.0,36.0,30.0,695000.0,33.0,800000.0,40.0,37.285714285714285,36.035714285714285,1017142.8571428572,867392.8571428572
2025-05-31,SHOP002,28,32,684000,616216.22,67783.78,24428.571428571428,2025,5,May,31,5,Saturday,22,5,1,2,28.0,648000.0,32.0,39.0,1064000.0,47.0,29.0,726000.0,30.0,603000.0,39.57142857142857,37.142857142857146,35.857142857142854,984714.2857142857,861964.2857142857
2025-06-01,SHOP002,52,57,1210000,1090090.098,119909.902,23269.23076923077,2025,6,June,1,6,Sunday,22,1,1,2,28.0,684000.0,32.0,48.0,1133000.0,56.0,34.0,896000.0,39.0,1060000.0,38.0,37.07142857142857,35.785714285714285,930428.5714285715,864857.1428571428
2025-06-02,SHOP002,42,47,928000,836036.042,91963.958,22095.238095238095,2025,6,June,2,0,Monday,23,1,0,2,52.0,1210000.0,57.0,42.0,1025000.0,47.0,37.0,785000.0,29.0,675000.0,38.57142857142857,38.357142857142854,36.25,941428.5714285715,870214.2857142857
2025-06-03,SHOP002,46,57,1125000,1013513.523,111486.477,24456.521739130436,2025,6,June,3,1,Tuesday,23,1,0,2,42.0,928000.0,47.0,49.0,1213000.0,55.0,38.0,844000.0,31.0,669000.0,38.57142857142857,38.714285714285715,36.714285714285715,927571.4285714285,879250.0
2025-06-04,SHOP002,48,53,1098000,989189.197,108810.803,22875.0,2025,6,June,4,2,Wednesday,23,1,0,2,46.0,1125000.0,57.0,35.0,934000.0,44.0,45.0,1128000.0,42.0,911000.0,38.142857142857146,39.285714285714285,37.25,915000.0,895535.7142857143
2025-06-05,SHOP002,62,77,1685000,1518018.026,166981.974,27177.41935483871,2025,6,June,5,3,Thursday,23,1,0,2,48.0,1098000.0,53.0,36.0,876000.0,41.0,29.0,641000.0,35.0,770000.0,40.0,39.5,37.464285714285715,938428.5714285715,902214.2857142857
2025-06-06,SHOP002,63,70,1447000,1303603.614,143396.386,22968.25396825397,2025,6,June,6,4,Friday,23,1,0,2,62.0,1685000.0,77.0,28.0,648000.0,32.0,31.0,875000.0,33.0,874000.0,43.714285714285715,41.857142857142854,38.42857142857143,1054000.0,934892.8571428572
2025-06-07,SHOP002,49,52,1159000,1044144.151,114855.849,23653.061224489797,2025,6,June,7,5,Saturday,23,1,1,2,63.0,1447000.0,70.0,28.0,684000.0,32.0,39.0,1064000.0,35.0,778000.0,48.714285714285715,44.142857142857146,39.5,1168142.857142857,955357.1428571428
2025-06-08,SHOP002,50,59,1304000,1174774.777,129225.223,26080.0,2025,6,June,8,6,Sunday,23,2,1,2,49.0,1159000.0,52.0,52.0,1210000.0,57.0,48.0,1133000.0,40.0,1117000.0,51.714285714285715,44.857142857142854,40.0,1236000.0,968964.2857142857
2025-06-09,SHOP002,52,63,1417000,1276576.585,140423.415,27250.0,2025,6,June,9,0,Monday,24,2,0,2,50.0,1304000.0,59.0,42.0,928000.0,47.0,42.0,1025000.0,30.0,604000.0,51.42857142857143,45.0,40.357142857142854,1249428.5714285714,975642.8571428572
2025-06-10,SHOP002,49,60,1316000,1185585.592,130414.408,26857.14285714286,2025,6,June,10,1,Tuesday,24,2,0,2,52.0,1417000.0,63.0,46.0,1125000.0,57.0,49.0,1213000.0,38.0,914000.0,52.857142857142854,45.714285714285715,41.142857142857146,1319285.7142857143,1004678.5714285715
2025-06-11,SHOP002,50,59,1226000,1104504.512,121495.488,24520.0,2025,6,June,11,2,Wednesday,24,2,0,2,49.0,1316000.0,60.0,48.0,1098000.0,53.0,35.0,934000.0,38.0,774000.0,53.285714285714285,45.714285714285715,41.535714285714285,1346571.4285714286,1019035.7142857143
2025-06-12,SHOP002,71,83,1809000,1629729.739,179270.261,25478.87323943662,2025,6,June,12,3,Thursday,24,2,0,2,50.0,1226000.0,59.0,62.0,1685000.0,77.0,36.0,876000.0,34.0,903000.0,53.57142857142857,46.785714285714285,41.964285714285715,1364857.142857143,1035178.5714285715
2025-06-13,SHOP002,70,77,1703000,1534234.242,168765.758,24328.571428571428,2025,6,June,13,4,Friday,24,2,0,2,71.0,1809000.0,83.0,63.0,1447000.0,70.0,28.0,648000.0,30.0,695000.0,54.857142857142854,49.285714285714285,43.285714285714285,1382571.4285714286,1067535.7142857143
2025-06-14,SHOP002,50,55,1107000,997297.306,109702.694,22140.0,2025,6,June,14,5,Saturday,24,2,1,2,70.0,1703000.0,77.0,49.0,1159000.0,52.0,28.0,684000.0,29.0,726000.0,55.857142857142854,52.285714285714285,44.714285714285715,1419142.857142857,1103535.7142857143
2025-06-15,SHOP002,64,68,1402000,1263063.072,138936.928,21906.25,2025,6,June,15,6,Sunday,24,3,1,2,50.0,1107000.0,55.0,50.0,1304000.0,59.0,52.0,1210000.0,34.0,896000.0,56.0,53.857142857142854,45.464285714285715,1411714.2857142857,1117142.857142857
2025-06-16,SHOP002,38,48,1029000,927027.031,101972.969,27078.947368421053,2025,6,June,16,0,Monday,25,3,0,2,64.0,1402000.0,68.0,52.0,1417000.0,63.0,42.0,928000.0,37.0,785000.0,58.0,54.714285714285715,46.535714285714285,1425714.2857142857,1135214.2857142857
2025-06-17,SHOP002,70,83,1844000,1661261.273,182738.727,26342.85714285714,2025,6,June,17,1,Tuesday,25,3,0,2,38.0,1029000.0,48.0,49.0,1316000.0,60.0,46.0,1125000.0,38.0,844000.0,56.0,54.42857142857143,46.57142857142857,1370285.7142857143,1143928.5714285714
2025-06-18,SHOP002,63,74,1527000,1375675.685,151324.315,24238.095238095237,2025,6,June,18,2,Wednesday,25,3,0,2,70.0,1844000.0,83.0,50.0,1226000.0,59.0,48.0,1098000.0,45.0,1128000.0,59.0,56.142857142857146,47.714285714285715,1445714.2857142857,1179642.857142857
2025-06-19,SHOP002,54,62,1303000,1173873.882,129126.118,24129.62962962963,2025,6,June,19,3,Thursday,25,3,0,2,63.0,1527000.0,74.0,71.0,1809000.0,83.0,62.0,1685000.0,29.0,641000.0,60.857142857142854,57.214285714285715,48.357142857142854,1488714.2857142857,1193892.857142857
2025-06-20,SHOP002,69,81,1758000,1583783.792,174216.208,25478.260869565216,2025,6,June,20,4,Friday,25,3,0,2,54.0,1303000.0,62.0,70.0,1703000.0,77.0,63.0,1447000.0,31.0,875000.0,58.42857142857143,56.642857142857146,49.25,1416428.5714285714,1217535.7142857143
2025-06-21,SHOP002,68,75,1567000,1411711.722,155288.278,23044.117647058825,2025,6,June,21,5,Saturday,25,3,1,2,69.0,1758000.0,81.0,50.0,1107000.0,55.0,49.0,1159000.0,39.0,1064000.0,58.285714285714285,57.07142857142857,50.607142857142854,1424285.7142857143,1249071.4285714286
2025-06-22,SHOP002,50,56,1321000,1190090.098,130909.902,26420.0,2025,6,June,22,6,Sunday,25,4,1,2,68.0,1567000.0,75.0,64.0,1402000.0,68.0,50.0,1304000.0,48.0,1133000.0,60.857142857142854,58.42857142857143,51.642857142857146,1490000.0,1267035.7142857143
2025-06-23,SHOP002,54,63,1359000,1224324.33,134675.67,25166.666666666668,2025,6,June,23,0,Monday,26,4,0,2,50.0,1321000.0,56.0,38.0,1029000.0,48.0,52.0,1417000.0,42.0,1025000.0,58.857142857142854,58.42857142857143,51.714285714285715,1478428.5714285714,1273750.0
2025-06-24,SHOP002,51,56,1155000,1040540.549,114459.451,22647.058823529413,2025,6,June,24,1,Tuesday,26,4,0,2,54.0,1359000.0,63.0,70.0,1844000.0,83.0,49.0,1316000.0,49.0,1213000.0,61.142857142857146,58.57142857142857,52.142857142857146,1525571.4285714286,1285678.5714285714
2025-06-25,SHOP002,44,47,981000,883783.79,97216.21,22295.454545454544,2025,6,June,25,2,Wednesday,26,4,0,2,51.0,1155000.0,56.0,63.0,1527000.0,74.0,50.0,1226000.0,35.0,934000.0,58.42857142857143,58.714285714285715,52.214285714285715,1427142.857142857,1283607.142857143
2025-06-26,SHOP002,64,72,1512000,1362162.171,149837.829,23625.0,2025,6,June,26,3,Thursday,26,4,0,2,44.0,981000.0,47.0,54.0,1303000.0,62.0,71.0,1809000.0,36.0,876000.0,55.714285714285715,58.285714285714285,52.535714285714285,1349142.857142857,1285285.7142857143
2025-06-27,SHOP002,66,70,1496000,1347747.753,148252.247,22666.666666666668,2025,6,June,27,4,Friday,26,4,0,2,64.0,1512000.0,72.0,69.0,1758000.0,81.0,70.0,1703000.0,28.0,648000.0,57.142857142857146,57.785714285714285,53.535714285714285,1379000.0,1308000.0
2025-06-28,SHOP002,57,66,1348000,1214414.423,133585.577,23649.122807017542,2025,6,June,28,5,Saturday,26,4,1,2,66.0,1496000.0,70.0,68.0,1567000.0,75.0,50.0,1107000.0,28.0,684000.0,56.714285714285715,57.5,54.892857142857146,1341571.4285714286,1338285.7142857143
2025-06-29,SHOP002,52,56,1194000,1075675.682,118324.318,22961.53846153846,2025,6,June,29,6,Sunday,26,5,1,2,57.0,1348000.0,66.0,50.0,1321000.0,56.0,64.0,1402000.0,52.0,1210000.0,55.142857142857146,58.0,55.92857142857143,1310285.7142857143,1362000.0
2025-06-30,SHOP002,64,75,1649000,1485585.5929999999,163414.407,25765.625,2025,6,June,30,0,Monday,27,5,0,2,52.0,1194000.0,56.0,54.0,1359000.0,63.0,38.0,1029000.0,42.0,928000.0,55.42857142857143,57.142857142857146,55.92857142857143,1292142.857142857,1361428.5714285714
2025-07-01,SHOP002,70,81,1720000,1549549.557,170450.443,24571.428571428572,2025,7,July,1,1,Tuesday,27,1,0,3,64.0,1649000.0,75.0,51.0,1155000.0,56.0,70.0,1844000.0,46.0,1125000.0,56.857142857142854,59.0,56.714285714285715,1333571.4285714286,1387178.5714285714
2025-07-02,SHOP002,43,47,1051000,946846.853,104153.147,24441.86046511628,2025,7,July,2,2,Wednesday,27,1,0,3,70.0,1720000.0,81.0,44.0,981000.0,47.0,63.0,1527000.0,48.0,1098000.0,59.57142857142857,59.0,57.57142857142857,1414285.7142857143,1408428.5714285714
2025-07-03,SHOP002,69,79,1614000,1454054.063,159945.937,23391.304347826088,2025,7,July,3,3,Thursday,27,1,0,3,43.0,1051000.0,47.0,64.0,1512000.0,72.0,54.0,1303000.0,62.0,1685000.0,59.42857142857143,57.57142857142857,57.392857142857146,1424285.7142857143,1406750.0
2025-07-04,SHOP002,56,72,1543000,1390090.094,152909.906,27553.571428571428,2025,7,July,4,4,Friday,27,1,0,3,69.0,1614000.0,79.0,66.0,1496000.0,70.0,69.0,1758000.0,63.0,1447000.0,60.142857142857146,58.642857142857146,57.642857142857146,1438857.142857143,1404214.2857142857
2025-07-05,SHOP002,59,66,1454000,1309909.919,144090.081,24644.06779661017,2025,7,July,5,5,Saturday,27,1,1,3,56.0,1543000.0,72.0,57.0,1348000.0,66.0,68.0,1567000.0,49.0,1159000.0,58.714285714285715,57.714285714285715,57.392857142857146,1445571.4285714286,1407642.857142857
2025-07-06,SHOP002,54,60,1258000,1133333.343,124666.657,23296.296296296296,2025,7,July,6,6,Sunday,27,1,1,3,59.0,1454000.0,66.0,52.0,1194000.0,56.0,50.0,1321000.0,50.0,1304000.0,59.0,57.07142857142857,57.75,1460714.2857142857,1418178.5714285714
2025-07-07,SHOP002,50,60,1207000,1087387.392,119612.60800000001,24140.0,2025,7,July,7,0,Monday,28,1,0,3,54.0,1258000.0,60.0,64.0,1649000.0,75.0,54.0,1359000.0,52.0,1417000.0,59.285714285714285,57.357142857142854,57.892857142857146,1469857.142857143,1416535.7142857143
2025-07-08,SHOP002,54,60,1362000,1227027.034,134972.96600000001,25222.222222222223,2025,7,July,8,1,Tuesday,28,2,0,3,50.0,1207000.0,60.0,70.0,1720000.0,81.0,51.0,1155000.0,49.0,1316000.0,57.285714285714285,57.07142857142857,57.82142857142857,1406714.2857142857,1409035.7142857143
2025-07-09,SHOP002,68,79,1656000,1491891.899,164108.101,24352.941176470587,2025,7,July,9,2,Wednesday,28,2,0,3,54.0,1362000.0,60.0,43.0,1051000.0,47.0,44.0,981000.0,50.0,1226000.0,55.0,57.285714285714285,58.0,1355571.4285714286,1410678.5714285714
2025-07-10,SHOP002,64,72,1560000,1405405.411,154594.589,24375.0,2025,7,July,10,3,Thursday,28,2,0,3,68.0,1656000.0,79.0,69.0,1614000.0,79.0,64.0,1512000.0,71.0,1809000.0,58.57142857142857,59.0,58.642857142857146,1442000.0,1426035.7142857143
2025-07-11,SHOP002,49,51,993000,894594.6,98405.4,20265.30612244898,2025,7,July,11,4,Friday,28,2,0,3,64.0,1560000.0,72.0,56.0,1543000.0,72.0,66.0,1496000.0,70.0,1703000.0,57.857142857142854,59.0,58.392857142857146,1434285.7142857143,1417142.857142857
2025-07-12,SHOP002,57,66,1334000,1201801.811,132198.189,23403.508771929824,2025,7,July,12,5,Saturday,28,2,1,3,49.0,993000.0,51.0,59.0,1454000.0,66.0,57.0,1348000.0,50.0,1107000.0,56.857142857142854,57.785714285714285,57.642857142857146,1355714.2857142857,1391785.7142857143
2025-07-13,SHOP002,60,75,1576000,1419819.825,156180.175,26266.666666666668,2025,7,July,13,6,Sunday,28,2,1,3,57.0,1334000.0,66.0,54.0,1258000.0,60.0,52.0,1194000.0,64.0,1402000.0,56.57142857142857,57.785714285714285,57.892857142857146,1338571.4285714286,1399892.857142857
2025-07-14,SHOP002,50,57,1265000,1139639.644,125360.356,25300.0,2025,7,July,14,0,Monday,29,2,0,3,60.0,1576000.0,75.0,50.0,1207000.0,60.0,64.0,1649000.0,38.0,1029000.0,57.42857142857143,58.357142857142854,57.75,1384000.0,1406107.142857143
2025-07-15,SHOP002,52,59,1277000,1150450.459,126549.541,24557.69230769231,2025,7,July,15,1,Tuesday,29,3,0,3,50.0,1265000.0,57.0,54.0,1362000.0,60.0,70.0,1720000.0,70.0,1844000.0,57.42857142857143,57.357142857142854,58.17857142857143,1392285.7142857143,1414535.7142857143
2025-07-16,SHOP002,48,52,1099000,990090.0970000001,108909.903,22895.833333333332,2025,7,July,16,2,Wednesday,29,3,0,3,52.0,1277000.0,59.0,68.0,1656000.0,79.0,43.0,1051000.0,63.0,1527000.0,57.142857142857146,56.07142857142857,57.535714285714285,1380142.857142857,1394285.7142857143
2025-07-17,SHOP002,52,62,1364000,1228828.835,135171.165,26230.76923076923,2025,7,July,17,3,Thursday,29,3,0,3,48.0,1099000.0,52.0,64.0,1560000.0,72.0,69.0,1614000.0,54.0,1303000.0,54.285714285714285,56.42857142857143,57.0,1300571.4285714286,1379000.0
2025-07-18,SHOP002,60,72,1471000,1325225.235,145774.765,24516.666666666668,2025,7,July,18,4,Friday,29,3,0,3,52.0,1364000.0,62.0,49.0,993000.0,51.0,56.0,1543000.0,69.0,1758000.0,52.57142857142857,55.214285714285715,56.92857142857143,1272571.4285714286,1381178.5714285714
2025-07-19,SHOP002,54,63,1359000,1224324.332,134675.668,25166.666666666668,2025,7,July,19,5,Saturday,29,3,1,3,60.0,1471000.0,72.0,57.0,1334000.0,66.0,59.0,1454000.0,68.0,1567000.0,54.142857142857146,55.5,56.607142857142854,1340857.142857143,1370928.5714285714
2025-07-20,SHOP002,56,61,1326000,1194594.602,131405.398,23678.571428571428,2025,7,July,20,6,Sunday,29,3,1,3,54.0,1359000.0,63.0,60.0,1576000.0,75.0,54.0,1258000.0,50.0,1321000.0,53.714285714285715,55.142857142857146,56.107142857142854,1344428.5714285714,1363500.0
2025-07-21,SHOP002,55,65,1424000,1282882.89,141117.11000000002,25890.909090909092,2025,7,July,21,0,Monday,30,3,0,3,56.0,1326000.0,61.0,50.0,1265000.0,57.0,50.0,1207000.0,54.0,1359000.0,53.142857142857146,55.285714285714285,56.32142857142857,1308714.2857142857,1363678.5714285714
2025-07-22,SHOP002,49,58,1233000,1110810.8159999999,122189.184,25163.26530612245,2025,7,July,22,1,Tuesday,30,4,0,3,55.0,1424000.0,65.0,52.0,1277000.0,59.0,54.0,1362000.0,51.0,1155000.0,53.857142857142854,55.642857142857146,56.357142857142854,1331428.5714285714,1366000.0
2025-07-23,SHOP002,59,64,1257000,1132432.44,124567.56,21305.084745762713,2025,7,July,23,2,Wednesday,30,4,0,3,49.0,1233000.0,58.0,48.0,1099000.0,52.0,68.0,1656000.0,44.0,981000.0,53.42857142857143,55.285714285714285,56.285714285714285,1325142.857142857,1368785.7142857143
2025-07-24,SHOP002,49,60,1287000,1159459.467,127540.533,26265.30612244898,2025,7,July,24,3,Thursday,30,4,0,3,59.0,1257000.0,64.0,52.0,1364000.0,62.0,64.0,1560000.0,64.0,1512000.0,55.0,54.642857142857146,56.82142857142857,1347714.2857142857,1378642.857142857
2025-07-25,SHOP002,66,74,1604000,1445045.055,158954.945,24303.030303030304,2025,7,July,25,4,Friday,30,4,0,3,49.0,1287000.0,60.0,60.0,1471000.0,72.0,49.0,993000.0,66.0,1496000.0,54.57142857142857,53.57142857142857,56.285714285714285,1336714.2857142857,1370607.142857143
2025-07-26,SHOP002,52,63,1346000,1212612.621,133387.37900000002,25884.615384615383,2025,7,July,26,5,Saturday,30,4,1,3,66.0,1604000.0,74.0,54.0,1359000.0,63.0,57.0,1334000.0,57.0,1348000.0,55.42857142857143,54.785714285714285,56.285714285714285,1355714.2857142857,1374464.2857142857
2025-07-27,SHOP002,63,72,1583000,1426126.135,156873.865,25126.984126984127,2025,7,July,27,6,Sunday,30,4,1,3,52.0,1346000.0,63.0,56.0,1326000.0,61.0,60.0,1576000.0,52.0,1194000.0,55.142857142857146,54.42857142857143,56.107142857142854,1353857.142857143,1374392.857142857
2025-07-28,SHOP002,56,65,1440000,1297297.302,142702.698,25714.285714285714,2025,7,July,28,0,Monday,31,4,0,3,63.0,1583000.0,72.0,55.0,1424000.0,65.0,50.0,1265000.0,64.0,1649000.0,56.142857142857146,54.642857142857146,56.5,1390571.4285714286,1388285.7142857143
2025-07-29,SHOP002,53,62,1398000,1259459.465,138540.535,26377.35849056604,2025,7,July,29,1,Tuesday,31,5,0,3,56.0,1440000.0,65.0,49.0,1233000.0,58.0,52.0,1277000.0,70.0,1720000.0,56.285714285714285,55.07142857142857,56.214285714285715,1392857.142857143,1380821.4285714286
2025-07-30,SHOP002,58,62,1257000,1132432.442,124567.558,21672.41379310345,2025,7,July,30,2,Wednesday,31,5,0,3,53.0,1398000.0,62.0,59.0,1257000.0,64.0,48.0,1099000.0,43.0,1051000.0,56.857142857142854,55.142857142857146,55.607142857142854,1416428.5714285714,1369321.4285714286
2025-07-31,SHOP002,54,66,1527000,1375675.683,151324.317,28277.777777777777,2025,7,July,31,3,Thursday,31,5,0,3,58.0,1257000.0,62.0,49.0,1287000.0,60.0,52.0,1364000.0,69.0,1614000.0,56.714285714285715,55.857142857142854,56.142857142857146,1416428.5714285714,1376678.5714285714
2025-08-01,SHOP002,38,45,947000,853153.157,93846.843,24921.052631578947,2025,8,August,1,4,Friday,31,1,0,3,54.0,1527000.0,66.0,66.0,1604000.0,74.0,60.0,1471000.0,56.0,1543000.0,57.42857142857143,56.0,55.607142857142854,1450714.2857142857,1373571.4285714286
2025-08-02,SHOP002,41,46,908000,818018.024,89981.976,22146.341463414636,2025,8,August,2,5,Saturday,31,1,1,3,38.0,947000.0,45.0,52.0,1346000.0,63.0,54.0,1359000.0,59.0,1454000.0,53.42857142857143,54.42857142857143,54.964285714285715,1356857.142857143,1352285.7142857143
2025-08-03,SHOP002,33,38,850000,765765.771,84234.229,25757.575757575756,2025,8,August,3,6,Sunday,31,1,1,3,41.0,908000.0,46.0,63.0,1583000.0,72.0,56.0,1326000.0,54.0,1258000.0,51.857142857142854,53.5,54.32142857142857,1294285.7142857143,1332785.7142857143
2025-08-04,SHOP002,29,34,807000,727027.031,79972.969,27827.58620689655,2025,8,August,4,0,Monday,32,1,0,3,33.0,850000.0,38.0,56.0,1440000.0,65.0,55.0,1424000.0,50.0,1207000.0,47.57142857142857,51.857142857142854,53.57142857142857,1189571.4285714286,1318214.2857142857
2025-08-05,SHOP002,36,36,714000,643243.25,70756.75,19833.333333333332,2025,8,August,5,1,Tuesday,32,1,0,3,29.0,807000.0,34.0,53.0,1398000.0,62.0,49.0,1233000.0,54.0,1362000.0,43.714285714285715,50.0,52.82142857142857,1099142.857142857,1303928.5714285714
2025-08-06,SHOP002,38,45,913000,822522.529,90477.471,24026.315789473683,2025,8,August,6,2,Wednesday,32,1,0,3,36.0,714000.0,36.0,58.0,1257000.0,62.0,59.0,1257000.0,68.0,1656000.0,41.285714285714285,49.07142857142857,52.17857142857143,1001428.5714285715,1280785.7142857143
2025-08-07,SHOP002,37,42,890000,801801.808,88198.192,24054.054054054053,2025,8,August,7,3,Thursday,32,1,0,3,38.0,913000.0,45.0,54.0,1527000.0,66.0,49.0,1287000.0,64.0,1560000.0,38.42857142857143,47.57142857142857,51.107142857142854,952285.7142857143,1254250.0
2025-08-08,SHOP002,43,49,929000,836936.94,92063.06,21604.6511627907,2025,8,August,8,4,Friday,32,2,0,3,37.0,890000.0,42.0,38.0,947000.0,45.0,66.0,1604000.0,49.0,993000.0,36.0,46.714285714285715,50.142857142857146,861285.7142857143,1230321.4285714286
2025-08-09,SHOP002,27,33,728000,655855.8589999999,72144.141,26962.962962962964,2025,8,August,9,5,Saturday,32,2,1,3,43.0,929000.0,49.0,41.0,908000.0,46.0,52.0,1346000.0,57.0,1334000.0,36.714285714285715,45.07142857142857,49.92857142857143,858714.2857142857,1228035.7142857143
2025-08-10,SHOP002,40,47,976000,879279.281,96720.719,24400.0,2025,8,August,10,6,Sunday,32,2,1,3,27.0,728000.0,33.0,33.0,850000.0,38.0,63.0,1583000.0,60.0,1576000.0,34.714285714285715,43.285714285714285,48.857142857142854,833000.0,1206392.857142857
2025-08-11,SHOP002,39,47,956000,861261.268,94738.732,24512.82051282051,2025,8,August,11,0,Monday,33,2,0,3,40.0,976000.0,47.0,29.0,807000.0,34.0,56.0,1440000.0,50.0,1265000.0,35.714285714285715,41.642857142857146,48.142857142857146,851000.0,1184964.2857142857
2025-08-12,SHOP002,38,44,920000,828828.835,91171.165,24210.526315789473,2025,8,August,12,1,Tuesday,33,2,0,3,39.0,956000.0,47.0,36.0,714000.0,36.0,53.0,1398000.0,52.0,1277000.0,37.142857142857146,40.42857142857143,47.75,872285.7142857143,1173928.5714285714
2025-08-13,SHOP002,32,37,741000,667567.571,73432.429,23156.25,2025,8,August,13,2,Wednesday,33,2,0,3,38.0,920000.0,44.0,38.0,913000.0,45.0,58.0,1257000.0,48.0,1099000.0,37.42857142857143,39.357142857142854,47.25,901714.2857142857,1161178.5714285714
2025-08-14,SHOP002,36,40,855000,770270.276,84729.724,23750.0,2025,8,August,14,3,Thursday,33,2,0,3,32.0,741000.0,37.0,37.0,890000.0,42.0,54.0,1527000.0,52.0,1364000.0,36.57142857142857,37.5,46.67857142857143,877142.8571428572,1148392.857142857
2025-08-15,SHOP002,32,36,743000,669369.373,73630.627,23218.75,2025,8,August,15,4,Friday,33,3,0,3,36.0,855000.0,40.0,43.0,929000.0,49.0,38.0,947000.0,60.0,1471000.0,36.42857142857143,36.214285714285715,46.107142857142854,872142.8571428572,1130214.2857142857
2025-08-16,SHOP002,30,32,680000,612612.615,67387.385,22666.666666666668,2025,8,August,16,5,Saturday,33,3,1,3,32.0,743000.0,36.0,27.0,728000.0,33.0,41.0,908000.0,54.0,1359000.0,34.857142857142854,35.785714285714285,45.107142857142854,845571.4285714285,1104214.2857142857
2025-08-17,SHOP002,39,41,852000,767567.574,84432.426,21846.153846153848,2025,8,August,17,6,Sunday,33,3,1,3,30.0,680000.0,32.0,40.0,976000.0,47.0,33.0,850000.0,56.0,1326000.0,35.285714285714285,35.0,44.25,838714.2857142857,1079964.2857142857
2025-08-18,SHOP002,42,48,1046000,942342.3470000001,103657.653,24904.761904761905,2025,8,August,18,0,Monday,34,3,0,3,39.0,852000.0,41.0,39.0,956000.0,47.0,29.0,807000.0,55.0,1424000.0,35.142857142857146,35.42857142857143,43.642857142857146,821000.0,1063035.7142857143
2025-08-19,SHOP002,32,34,698000,628828.835,69171.165,21812.5,2025,8,August,19,1,Tuesday,34,3,0,3,42.0,1046000.0,48.0,38.0,920000.0,44.0,36.0,714000.0,49.0,1233000.0,35.57142857142857,36.357142857142854,43.17857142857143,833857.1428571428,1049535.7142857143
2025-08-20,SHOP002,39,44,950000,855855.862,94144.138,24358.97435897436,2025,8,August,20,2,Wednesday,34,3,0,3,32.0,698000.0,34.0,32.0,741000.0,37.0,38.0,913000.0,59.0,1257000.0,34.714285714285715,36.07142857142857,42.57142857142857,802142.8571428572,1030428.5714285715
2025-08-21,SHOP002,42,49,986000,888288.293,97711.707,23476.190476190477,2025,8,August,21,3,Thursday,34,3,0,3,39.0,950000.0,44.0,36.0,855000.0,40.0,37.0,890000.0,49.0,1287000.0,35.714285714285715,36.142857142857146,41.857142857142854,832000.0,1019464.2857142857
2025-08-22,SHOP002,32,33,692000,623423.428,68576.572,21625.0,2025,8,August,22,4,Friday,34,4,0,3,42.0,986000.0,49.0,32.0,743000.0,36.0,43.0,929000.0,66.0,1604000.0,36.57142857142857,36.5,41.607142857142854,850714.2857142857,1008714.2857142857
2025-08-23,SHOP002,24,25,431000,388288.29,42711.71,17958.333333333332,2025,8,August,23,5,Saturday,34,4,1,3,32.0,692000.0,33.0,30.0,680000.0,32.0,27.0,728000.0,52.0,1346000.0,36.57142857142857,35.714285714285715,40.392857142857146,843428.5714285715,976142.8571428572
2025-08-24,SHOP002,39,45,934000,841441.447,92558.553,23948.71794871795,2025,8,August,24,6,Sunday,34,4,1,3,24.0,431000.0,25.0,39.0,852000.0,41.0,40.0,976000.0,63.0,1583000.0,35.714285714285715,35.5,39.392857142857146,807857.1428571428,943464.2857142857
2025-08-25,SHOP002,34,40,806000,726126.129,79873.871,23705.882352941175,2025,8,August,25,0,Monday,35,4,0,3,39.0,934000.0,45.0,42.0,1046000.0,48.0,39.0,956000.0,56.0,1440000.0,35.714285714285715,35.42857142857143,38.535714285714285,819571.4285714285,920285.7142857143
2025-08-26,SHOP002,28,33,727000,654954.958,72045.042,25964.285714285714,2025,8,August,26,1,Tuesday,35,4,0,3,34.0,806000.0,40.0,32.0,698000.0,34.0,38.0,920000.0,53.0,1398000.0,34.57142857142857,35.07142857142857,37.75,785285.7142857143,897642.8571428572
2025-08-27,SHOP002,39,46,929000,836936.941,92063.059,23820.51282051282,2025,8,August,27,2,Wednesday,35,4,0,3,28.0,727000.0,33.0,39.0,950000.0,44.0,32.0,741000.0,58.0,1257000.0,34.0,34.357142857142854,36.857142857142854,789428.5714285715,873678.5714285715
2025-08-28,SHOP002,39,43,900000,810810.8150000001,89189.185,23076.923076923078,2025,8,August,28,3,Thursday,35,4,0,3,39.0,929000.0,46.0,42.0,986000.0,49.0,36.0,855000.0,54.0,1527000.0,34.0,34.857142857142854,36.17857142857143,786428.5714285715,861964.2857142857
2025-08-29,SHOP002,41,44,941000,847747.754,93252.246,22951.219512195123,2025,8,August,29,4,Friday,35,5,0,3,39.0,900000.0,43.0,32.0,692000.0,33.0,32.0,743000.0,38.0,947000.0,33.57142857142857,35.07142857142857,35.642857142857146,774142.8571428572,839571.4285714285
2025-08-30,SHOP002,28,32,667000,600900.905,66099.095,23821.428571428572,2025,8,August,30,5,Saturday,35,5,1,3,41.0,941000.0,44.0,24.0,431000.0,25.0,30.0,680000.0,41.0,908000.0,34.857142857142854,35.714285714285715,35.75,809714.2857142857,839357.1428571428
2025-08-31,SHOP002,34,41,926000,834234.238,91765.762,27235.29411764706,2025,8,August,31,6,Sunday,35,5,1,3,28.0,667000.0,32.0,39.0,934000.0,45.0,39.0,852000.0,33.0,850000.0,35.42857142857143,35.57142857142857,35.285714285714285,843428.5714285715,830750.0
2025-09-01,SHOP002,29,32,673000,606306.3099999999,66693.69,23206.896551724138,2025,9,September,1,0,Monday,36,1,0,3,34.0,926000.0,41.0,34.0,806000.0,40.0,42.0,1046000.0,29.0,807000.0,34.714285714285715,35.214285714285715,35.32142857142857,842285.7142857143,833464.2857142857
2025-09-02,SHOP002,34,41,879000,791891.894,87108.106,25852.941176470587,2025,9,September,2,1,Tuesday,36,1,0,3,29.0,673000.0,32.0,28.0,727000.0,33.0,32.0,698000.0,36.0,714000.0,34.0,34.285714285714285,35.32142857142857,823285.7142857143,828678.5714285715
2025-09-03,SHOP002,36,42,893000,804504.509,88495.491,24805.555555555555,2025,9,September,3,2,Wednesday,36,1,0,3,34.0,879000.0,41.0,39.0,929000.0,46.0,39.0,950000.0,38.0,913000.0,34.857142857142854,34.42857142857143,35.25,845000.0,834571.4285714285
2025-09-04,SHOP002,36,42,900000,810810.815,89189.185,25000.0,2025,9,September,4,3,Thursday,36,1,0,3,36.0,893000.0,42.0,39.0,900000.0,43.0,42.0,986000.0,37.0,890000.0,34.42857142857143,34.214285714285715,35.17857142857143,839857.1428571428,833857.1428571428
2025-09-05,SHOP002,41,52,1080000,972972.978,107027.022,26341.463414634145,2025,9,September,5,4,Friday,36,1,0,3,36.0,900000.0,42.0,41.0,941000.0,44.0,32.0,692000.0,43.0,929000.0,34.0,33.785714285714285,35.142857142857146,839857.1428571428,834214.2857142857
2025-09-06,SHOP002,46,53,1155000,1040540.547,114459.453,25108.695652173912,2025,9,September,6,5,Saturday,36,1,1,3,41.0,1080000.0,52.0,28.0,667000.0,32.0,24.0,431000.0,27.0,728000.0,34.0,34.42857142857143,35.07142857142857,859714.2857142857,839607.1428571428
2025-09-07,SHOP002,29,32,704000,634234.238,69765.762,24275.862068965518,2025,9,September,7,6,Sunday,36,1,1,3,46.0,1155000.0,53.0,34.0,926000.0,41.0,39.0,934000.0,40.0,976000.0,36.57142857142857,36.0,35.75,929428.5714285715,854857.1428571428
2025-09-08,SHOP002,46,53,1138000,1025225.232,112774.768,24739.130434782608,2025,9,September,8,0,Monday,37,2,0,3,29.0,704000.0,32.0,29.0,673000.0,32.0,34.0,806000.0,39.0,956000.0,35.857142857142854,35.285714285714285,35.357142857142854,897714.2857142857,845142.8571428572
2025-09-09,SHOP002,31,34,703000,633333.338,69666.662,22677.41935483871,2025,9,September,9,1,Tuesday,37,2,0,3,46.0,1138000.0,53.0,34.0,879000.0,41.0,28.0,727000.0,38.0,920000.0,38.285714285714285,36.142857142857146,35.607142857142854,964142.8571428572,851642.8571428572
2025-09-10,SHOP002,25,30,624000,562162.167,61837.833,24960.0,2025,9,September,10,2,Wednesday,37,2,0,3,31.0,703000.0,34.0,36.0,893000.0,42.0,39.0,929000.0,32.0,741000.0,37.857142857142854,36.357142857142854,35.357142857142854,939000.0,843892.8571428572
2025-09-11,SHOP002,24,25,509000,458558.562,50441.438,21208.333333333332,2025,9,September,11,3,Thursday,37,2,0,3,25.0,624000.0,30.0,36.0,900000.0,42.0,39.0,900000.0,36.0,855000.0,36.285714285714285,35.357142857142854,35.107142857142854,900571.4285714285,839714.2857142857
2025-09-12,SHOP002,44,49,1090000,981981.989,108018.011,24772.727272727272,2025,9,September,12,4,Friday,37,2,0,3,24.0,509000.0,25.0,41.0,1080000.0,52.0,41.0,941000.0,32.0,743000.0,34.57142857142857,34.285714285714285,34.67857142857143,844714.2857142857,827357.1428571428
2025-09-13,SHOP002,34,37,696000,627027.031,68972.969,20470.58823529412,2025,9,September,13,5,Saturday,37,2,1,3,44.0,1090000.0,49.0,46.0,1155000.0,53.0,28.0,667000.0,30.0,680000.0,35.0,34.5,35.107142857142854,846142.8571428572,839750.0
2025-09-14,SHOP002,33,40,782000,704504.508,77495.492,23696.969696969696,2025,9,September,14,6,Sunday,37,2,1,3,34.0,696000.0,37.0,29.0,704000.0,32.0,34.0,926000.0,39.0,852000.0,33.285714285714285,34.92857142857143,35.25,780571.4285714285,840321.4285714285
2025-09-15,SHOP002,41,48,970000,873873.879,96126.121,23658.536585365855,2025,9,September,15,0,Monday,38,3,0,3,33.0,782000.0,40.0,46.0,1138000.0,53.0,29.0,673000.0,42.0,1046000.0,33.857142857142854,34.857142857142854,35.035714285714285,791714.2857142857,837821.4285714285
2025-09-16,SHOP002,34,38,813000,732432.435,80567.565,23911.764705882353,2025,9,September,16,1,Tuesday,38,3,0,3,41.0,970000.0,48.0,31.0,703000.0,34.0,34.0,879000.0,32.0,698000.0,33.142857142857146,35.714285714285715,35.0,767714.2857142857,835107.1428571428
2025-09-17,SHOP002,45,53,1100000,990990.996,109009.004,24444.444444444445,2025,9,September,17,2,Wednesday,38,3,0,3,34.0,813000.0,38.0,25.0,624000.0,30.0,36.0,893000.0,39.0,950000.0,33.57142857142857,35.714285714285715,35.07142857142857,783428.5714285715,839214.2857142857
2025-09-18,SHOP002,37,46,991000,892792.794,98207.206,26783.783783783783,2025,9,September,18,3,Thursday,38,3,0,3,45.0,1100000.0,53.0,24.0,509000.0,25.0,36.0,900000.0,42.0,986000.0,36.42857142857143,36.357142857142854,35.285714285714285,851428.5714285715,844571.4285714285
2025-09-19,SHOP002,29,32,659000,593693.695,65306.305,22724.137931034482,2025,9,September,19,4,Friday,38,3,0,3,37.0,991000.0,46.0,44.0,1090000.0,49.0,41.0,1080000.0,32.0,692000.0,38.285714285714285,36.42857142857143,35.107142857142854,920285.7142857143,844750.0
2025-09-20,SHOP002,39,46,1005000,905405.411,99594.589,25769.23076923077,2025,9,September,20,5,Saturday,38,3,1,3,29.0,659000.0,32.0,34.0,696000.0,37.0,46.0,1155000.0,24.0,431000.0,36.142857142857146,35.57142857142857,35.0,858714.2857142857,843571.4285714285
2025-09-21,SHOP002,33,39,781000,703603.6089999999,77396.391,23666.666666666668,2025,9,September,21,6,Sunday,38,3,1,3,39.0,1005000.0,46.0,33.0,782000.0,40.0,29.0,704000.0,39.0,934000.0,36.857142857142854,35.07142857142857,35.535714285714285,902857.1428571428,864071.4285714285
2025-09-22,SHOP002,37,45,964000,868468.473,95531.527,26054.054054054053,2025,9,September,22,0,Monday,39,4,0,3,33.0,781000.0,39.0,41.0,970000.0,48.0,46.0,1138000.0,34.0,806000.0,36.857142857142854,35.357142857142854,35.32142857142857,902714.2857142857,858607.1428571428
2025-09-23,SHOP002,34,39,812000,731531.536,80468.464,23882.352941176472,2025,9,September,23,1,Tuesday,39,4,0,3,37.0,964000.0,45.0,34.0,813000.0,38.0,31.0,703000.0,28.0,727000.0,36.285714285714285,34.714285714285715,35.42857142857143,901857.1428571428,864250.0
2025-09-24,SHOP002,39,46,969000,872972.977,96027.023,24846.153846153848,2025,9,September,24,2,Wednesday,39,4,0,3,34.0,812000.0,39.0,45.0,1100000.0,53.0,25.0,624000.0,39.0,929000.0,36.285714285714285,34.92857142857143,35.642857142857146,901714.2857142857,867285.7142857143
2025-09-25,SHOP002,33,37,782000,704504.51,77495.49,23696.969696969696,2025,9,September,25,3,Thursday,39,4,0,3,39.0,969000.0,46.0,37.0,991000.0,46.0,24.0,509000.0,39.0,900000.0,35.42857142857143,35.92857142857143,35.642857142857146,883000.0,868714.2857142857
2025-09-26,SHOP002,29,32,688000,619819.823,68180.177,23724.137931034482,2025,9,September,26,4,Friday,39,4,0,3,33.0,782000.0,37.0,29.0,659000.0,32.0,44.0,1090000.0,41.0,941000.0,34.857142857142854,36.57142857142857,35.42857142857143,853142.8571428572,864500.0
2025-09-27,SHOP002,35,39,754000,679279.285,74720.715,21542.85714285714,2025,9,September,27,5,Saturday,39,4,1,3,29.0,688000.0,32.0,39.0,1005000.0,46.0,34.0,696000.0,28.0,667000.0,34.857142857142854,35.5,35.0,857285.7142857143,855464.2857142857
2025-09-28,SHOP002,41,50,1094000,985585.591,108414.409,26682.926829268294,2025,9,September,28,6,Sunday,39,4,1,3,35.0,754000.0,39.0,33.0,781000.0,39.0,33.0,782000.0,34.0,926000.0,34.285714285714285,35.57142857142857,35.25,821428.5714285715,858571.4285714285
2025-09-29,SHOP002,34,41,935000,842342.347,92657.653,27500.0,2025,9,September,29,0,Monday,40,5,0,3,41.0,1094000.0,50.0,37.0,964000.0,45.0,41.0,970000.0,29.0,673000.0,35.42857142857143,36.142857142857146,35.5,866142.8571428572,864571.4285714285
2025-09-30,SHOP002,33,38,805000,725225.2289999999,79774.77100000001,24393.939393939392,2025,9,September,30,1,Tuesday,40,5,0,3,34.0,935000.0,41.0,34.0,812000.0,39.0,34.0,813000.0,34.0,879000.0,35.0,35.642857142857146,35.67857142857143,862000.0,873928.5714285715
2025-01-02,SHOP003,58,66,1370000,1234234.242,135765.758,23620.689655172413,2025,1,January,2,3,Thursday,1,1,0,1,,,,,,,,,,,,,,,
2025-01-03,SHOP003,76,89,1882000,1695495.507,186504.493,24763.157894736843,2025,1,January,3,4,Friday,1,1,0,1,58.0,1370000.0,66.0,,,,,,,,58.0,58.0,58.0,1370000.0,1370000.0
2025-01-04,SHOP003,50,55,1080000,972972.978,107027.022,21600.0,2025,1,January,4,5,Saturday,1,1,1,1,76.0,1882000.0,89.0,,,,,,,,67.0,67.0,67.0,1626000.0,1626000.0
2025-01-05,SHOP003,49,54,1182000,1064864.868,117135.132,24122.448979591838,2025,1,January,5,6,Sunday,1,1,1,1,50.0,1080000.0,55.0,,,,,,,,61.333333333333336,61.333333333333336,61.333333333333336,1444000.0,1444000.0
2025-01-06,SHOP003,43,49,1077000,970270.277,106729.723,25046.511627906977,2025,1,January,6,0,Monday,2,1,0,1,49.0,1182000.0,54.0,,,,,,,,58.25,58.25,58.25,1378500.0,1378500.0
2025-01-07,SHOP003,51,60,1185000,1067567.573,117432.427,23235.29411764706,2025,1,January,7,1,Tuesday,2,1,0,1,43.0,1077000.0,49.0,,,,,,,,55.2,55.2,55.2,1318200.0,1318200.0
2025-01-08,SHOP003,42,47,991000,892792.799,98207.201,23595.238095238095,2025,1,January,8,2,Wednesday,2,2,0,1,51.0,1185000.0,60.0,,,,,,,,54.5,54.5,54.5,1296000.0,1296000.0
2025-01-09,SHOP003,56,67,1605000,1445945.952,159054.048,28660.714285714286,2025,1,January,9,3,Thursday,2,2,0,1,42.0,991000.0,47.0,58.0,1370000.0,66.0,,,,,52.714285714285715,52.714285714285715,52.714285714285715,1252428.5714285714,1252428.5714285714
2025-01-10,SHOP003,52,62,1311000,1181081.087,129918.913,25211.53846153846,2025,1,January,10,4,Friday,2,2,0,1,56.0,1605000.0,67.0,76.0,1882000.0,89.0,,,,,52.42857142857143,53.125,53.125,1286000.0,1296500.0
2025-01-11,SHOP003,48,53,1064000,958558.566,105441.43400000001,22166.666666666668,2025,1,January,11,5,Saturday,2,2,1,1,52.0,1311000.0,62.0,50.0,1080000.0,55.0,,,,,49.0,53.0,53.0,1204428.5714285714,1298111.111111111
2025-01-12,SHOP003,56,64,1398000,1259459.466,138540.534,24964.285714285714,2025,1,January,12,6,Sunday,2,2,1,1,48.0,1064000.0,53.0,49.0,1182000.0,54.0,,,,,48.714285714285715,52.5,52.5,1202142.857142857,1274700.0
2025-01-13,SHOP003,63,75,1653000,1489189.2,163810.8,26238.095238095237,2025,1,January,13,0,Monday,3,2,0,1,56.0,1398000.0,64.0,43.0,1077000.0,49.0,,,,,49.714285714285715,52.81818181818182,52.81818181818182,1233000.0,1285909.0909090908
2025-01-14,SHOP003,57,70,1504000,1354954.964,149045.036,26385.964912280702,2025,1,January,14,1,Tuesday,3,2,0,1,63.0,1653000.0,75.0,51.0,1185000.0,60.0,,,,,52.57142857142857,53.666666666666664,53.666666666666664,1315285.7142857143,1316500.0
2025-01-15,SHOP003,46,53,1112000,1001801.808,110198.192,24173.91304347826,2025,1,January,15,2,Wednesday,3,3,0,1,57.0,1504000.0,70.0,42.0,991000.0,47.0,,,,,53.42857142857143,53.92307692307692,53.92307692307692,1360857.142857143,1330923.076923077
2025-01-16,SHOP003,59,64,1324000,1192792.804,131207.196,22440.677966101695,2025,1,January,16,3,Thursday,3,3,0,1,46.0,1112000.0,53.0,56.0,1605000.0,67.0,58.0,1370000.0,,,54.0,53.357142857142854,53.357142857142854,1378142.857142857,1315285.7142857143
2025-01-17,SHOP003,57,68,1555000,1400900.908,154099.092,27280.701754385966,2025,1,January,17,4,Friday,3,3,0,1,59.0,1324000.0,64.0,52.0,1311000.0,62.0,76.0,1882000.0,,,54.42857142857143,53.42857142857143,53.733333333333334,1338000.0,1315866.6666666667
2025-01-18,SHOP003,54,60,1264000,1138738.745,125261.255,23407.40740740741,2025,1,January,18,5,Saturday,3,3,1,1,57.0,1555000.0,68.0,48.0,1064000.0,53.0,50.0,1080000.0,,,55.142857142857146,52.07142857142857,53.9375,1372857.142857143,1330812.5
2025-01-19,SHOP003,52,63,1288000,1160360.367,127639.633,24769.23076923077,2025,1,January,19,6,Sunday,3,3,1,1,54.0,1264000.0,60.0,56.0,1398000.0,64.0,49.0,1182000.0,,,56.0,52.357142857142854,53.94117647058823,1401428.5714285714,1326882.3529411764
2025-01-20,SHOP003,62,75,1521000,1370270.278,150729.722,24532.25806451613,2025,1,January,20,0,Monday,4,3,0,1,52.0,1288000.0,63.0,63.0,1653000.0,75.0,43.0,1077000.0,,,55.42857142857143,52.57142857142857,53.833333333333336,1385714.2857142857,1324722.2222222222
2025-01-21,SHOP003,72,83,1782000,1605405.415,176594.585,24750.0,2025,1,January,21,1,Tuesday,4,3,0,1,62.0,1521000.0,75.0,57.0,1504000.0,70.0,51.0,1185000.0,,,55.285714285714285,53.92857142857143,54.26315789473684,1366857.142857143,1335052.6315789474
2025-01-22,SHOP003,64,74,1462000,1317117.126,144882.874,22843.75,2025,1,January,22,2,Wednesday,4,4,0,1,72.0,1782000.0,83.0,46.0,1112000.0,53.0,42.0,991000.0,,,57.42857142857143,55.42857142857143,55.15,1406571.4285714286,1357400.0
2025-01-23,SHOP003,53,64,1414000,1273873.879,140126.121,26679.245283018867,2025,1,January,23,3,Thursday,4,4,0,1,64.0,1462000.0,74.0,59.0,1324000.0,64.0,56.0,1605000.0,,,60.0,57.0,55.57142857142857,1456571.4285714286,1362380.9523809524
2025-01-24,SHOP003,60,67,1447000,1303603.613,143396.387,24116.666666666668,2025,1,January,24,4,Friday,4,4,0,1,53.0,1414000.0,64.0,57.0,1555000.0,68.0,52.0,1311000.0,,,59.142857142857146,56.785714285714285,55.45454545454545,1469428.5714285714,1364727.2727272727
2025-01-25,SHOP003,59,66,1357000,1222522.53,134477.47,23000.0,2025,1,January,25,5,Saturday,4,4,1,1,60.0,1447000.0,67.0,54.0,1264000.0,60.0,48.0,1064000.0,,,59.57142857142857,57.357142857142854,55.65217391304348,1454000.0,1368304.347826087
2025-01-26,SHOP003,50,57,1179000,1062162.172,116837.82800000001,23580.0,2025,1,January,26,6,Sunday,4,4,1,1,59.0,1357000.0,66.0,52.0,1288000.0,63.0,56.0,1398000.0,,,60.285714285714285,58.142857142857146,55.791666666666664,1467285.7142857143,1367833.3333333333
2025-01-27,SHOP003,66,77,1549000,1395495.503,153504.497,23469.696969696968,2025,1,January,27,0,Monday,5,4,0,1,50.0,1179000.0,57.0,62.0,1521000.0,75.0,63.0,1653000.0,,,60.0,57.714285714285715,55.56,1451714.2857142857,1360280.0
2025-01-28,SHOP003,53,61,1269000,1143243.25,125756.75,23943.396226415094,2025,1,January,28,1,Tuesday,5,4,0,1,66.0,1549000.0,77.0,72.0,1782000.0,83.0,57.0,1504000.0,,,60.57142857142857,57.92857142857143,55.96153846153846,1455714.2857142857,1367538.4615384615
2025-01-29,SHOP003,52,61,1252000,1127927.934,124072.066,24076.923076923078,2025,1,January,29,2,Wednesday,5,5,0,1,53.0,1269000.0,61.0,64.0,1462000.0,74.0,46.0,1112000.0,,,57.857142857142854,57.642857142857146,55.851851851851855,1382428.5714285714,1363888.888888889
2025-01-30,SHOP003,57,64,1338000,1205405.414,132594.586,23473.684210526317,2025,1,January,30,3,Thursday,5,5,0,1,52.0,1252000.0,61.0,53.0,1414000.0,64.0,59.0,1324000.0,58.0,1370000.0,56.142857142857146,58.07142857142857,55.714285714285715,1352428.5714285714,1359892.857142857
2025-01-31,SHOP003,62,71,1561000,1406306.314,154693.686,25177.41935483871,2025,1,January,31,4,Friday,5,5,0,1,57.0,1338000.0,64.0,60.0,1447000.0,67.0,57.0,1555000.0,76.0,1882000.0,56.714285714285715,57.92857142857143,55.67857142857143,1341571.4285714286,1358750.0
2025-02-01,SHOP003,72,83,1844000,1661261.273,182738.72699999998,25611.11111111111,2025,2,February,1,5,Saturday,5,1,1,1,62.0,1561000.0,71.0,59.0,1357000.0,66.0,54.0,1264000.0,50.0,1080000.0,57.0,58.285714285714285,55.17857142857143,1357857.142857143,1347285.7142857143
2025-02-02,SHOP003,66,77,1583000,1426126.135,156873.865,23984.848484848484,2025,2,February,2,6,Sunday,5,1,1,1,72.0,1844000.0,83.0,50.0,1179000.0,57.0,52.0,1288000.0,49.0,1182000.0,58.857142857142854,59.57142857142857,55.964285714285715,1427428.5714285714,1374571.4285714286
2025-02-03,SHOP003,70,80,1605000,1445945.954,159054.046,22928.571428571428,2025,2,February,3,0,Monday,6,1,0,1,66.0,1583000.0,77.0,66.0,1549000.0,77.0,62.0,1521000.0,43.0,1077000.0,61.142857142857146,60.57142857142857,56.57142857142857,1485142.857142857,1388892.857142857
2025-02-04,SHOP003,75,84,1795000,1617117.129,177882.871,23933.333333333332,2025,2,February,4,1,Tuesday,6,1,0,1,70.0,1605000.0,80.0,53.0,1269000.0,61.0,72.0,1782000.0,51.0,1185000.0,61.714285714285715,61.142857142857146,57.535714285714285,1493142.857142857,1407750.0
2025-02-05,SHOP003,79,92,1740000,1567567.576,172432.424,22025.316455696204,2025,2,February,5,2,Wednesday,6,1,0,1,75.0,1795000.0,84.0,52.0,1252000.0,61.0,64.0,1462000.0,42.0,991000.0,64.85714285714286,61.357142857142854,58.392857142857146,1568285.7142857143,1429535.7142857143
2025-02-06,SHOP003,65,75,1618000,1457657.667,160342.333,24892.30769230769,2025,2,February,6,3,Thursday,6,1,0,1,79.0,1740000.0,92.0,57.0,1338000.0,64.0,53.0,1414000.0,56.0,1605000.0,68.71428571428571,62.42857142857143,59.714285714285715,1638000.0,1456285.7142857143
2025-02-07,SHOP003,89,101,2010000,1810810.822,199189.17799999999,22584.26966292135,2025,2,February,7,4,Friday,6,1,0,1,65.0,1618000.0,75.0,62.0,1561000.0,71.0,60.0,1447000.0,52.0,1311000.0,69.85714285714286,63.285714285714285,60.035714285714285,1678000.0,1456750.0
2025-02-08,SHOP003,57,61,1313000,1182882.892,130117.10800000001,23035.087719298244,2025,2,February,8,5,Saturday,6,2,1,1,89.0,2010000.0,101.0,72.0,1844000.0,83.0,59.0,1357000.0,48.0,1064000.0,73.71428571428571,65.35714285714286,61.357142857142854,1742142.857142857,1481714.2857142857
2025-02-09,SHOP003,83,91,1932000,1740540.552,191459.448,23277.10843373494,2025,2,February,9,6,Sunday,6,2,1,1,57.0,1313000.0,61.0,66.0,1583000.0,77.0,50.0,1179000.0,56.0,1398000.0,71.57142857142857,65.21428571428571,61.67857142857143,1666285.7142857143,1490607.142857143
2025-02-10,SHOP003,62,71,1438000,1295495.506,142504.494,23193.548387096773,2025,2,February,10,0,Monday,7,2,0,1,83.0,1932000.0,91.0,70.0,1605000.0,80.0,66.0,1549000.0,63.0,1653000.0,74.0,67.57142857142857,62.642857142857146,1716142.857142857,1509678.5714285714
2025-02-11,SHOP003,80,88,1817000,1636936.948,180063.052,22712.5,2025,2,February,11,1,Tuesday,7,2,0,1,62.0,1438000.0,71.0,75.0,1795000.0,84.0,53.0,1269000.0,57.0,1504000.0,72.85714285714286,67.28571428571429,62.607142857142854,1692285.7142857143,1502000.0
2025-02-12,SHOP003,68,82,1887000,1700000.009,186999.991,27750.0,2025,2,February,12,2,Wednesday,7,2,0,1,80.0,1817000.0,88.0,79.0,1740000.0,92.0,52.0,1252000.0,46.0,1112000.0,73.57142857142857,69.21428571428571,63.42857142857143,1695428.5714285714,1513178.5714285714
2025-02-13,SHOP003,81,94,1925000,1734234.248,190765.752,23765.432098765432,2025,2,February,13,3,Thursday,7,2,0,1,68.0,1887000.0,82.0,65.0,1618000.0,75.0,57.0,1338000.0,59.0,1324000.0,72.0,70.35714285714286,64.21428571428571,1716428.5714285714,1540857.142857143
2025-02-14,SHOP003,75,82,1648000,1484684.696,163315.304,21973.333333333332,2025,2,February,14,4,Friday,7,2,0,1,81.0,1925000.0,94.0,89.0,2010000.0,101.0,62.0,1561000.0,57.0,1555000.0,74.28571428571429,72.07142857142857,65.0,1760285.7142857143,1562321.4285714286
2025-02-15,SHOP003,55,66,1346000,1212612.623,133387.377,24472.727272727272,2025,2,February,15,5,Saturday,7,3,1,1,75.0,1648000.0,82.0,57.0,1313000.0,61.0,72.0,1844000.0,54.0,1264000.0,72.28571428571429,73.0,65.64285714285714,1708571.4285714286,1565642.857142857
2025-02-16,SHOP003,67,78,1643000,1480180.191,162819.809,24522.388059701494,2025,2,February,16,6,Sunday,7,3,1,1,55.0,1346000.0,66.0,83.0,1932000.0,91.0,66.0,1583000.0,52.0,1288000.0,72.0,71.78571428571429,65.67857142857143,1713285.7142857143,1568571.4285714286
2025-02-17,SHOP003,64,76,1635000,1472972.983,162027.017,25546.875,2025,2,February,17,0,Monday,8,3,0,1,67.0,1643000.0,78.0,62.0,1438000.0,71.0,70.0,1605000.0,62.0,1521000.0,69.71428571428571,71.85714285714286,66.21428571428571,1672000.0,1581250.0
2025-02-18,SHOP003,62,74,1648000,1484684.6909999999,163315.309,26580.645161290322,2025,2,February,18,1,Tuesday,8,3,0,1,64.0,1635000.0,76.0,80.0,1817000.0,88.0,75.0,1795000.0,72.0,1782000.0,70.0,71.42857142857143,66.28571428571429,1700142.857142857,1585321.4285714286
2025-02-19,SHOP003,71,84,1786000,1609009.016,176990.984,25154.929577464787,2025,2,February,19,2,Wednesday,8,3,0,1,62.0,1648000.0,74.0,68.0,1887000.0,82.0,79.0,1740000.0,64.0,1462000.0,67.42857142857143,70.5,65.92857142857143,1676000.0,1580535.7142857143
2025-02-20,SHOP003,70,79,1753000,1579279.289,173720.711,25042.85714285714,2025,2,February,20,3,Thursday,8,3,0,1,71.0,1786000.0,84.0,81.0,1925000.0,94.0,65.0,1618000.0,53.0,1414000.0,67.85714285714286,69.92857142857143,66.17857142857143,1661571.4285714286,1592107.142857143
2025-02-21,SHOP003,80,91,1903000,1714414.427,188585.573,23787.5,2025,2,February,21,4,Friday,8,3,0,1,70.0,1753000.0,79.0,75.0,1648000.0,82.0,89.0,2010000.0,60.0,1447000.0,66.28571428571429,70.28571428571429,66.78571428571429,1637000.0,1604214.2857142857
2025-02-22,SHOP003,69,85,1883000,1696396.4039999999,186603.596,27289.855072463768,2025,2,February,22,5,Saturday,8,4,1,1,80.0,1903000.0,91.0,55.0,1346000.0,66.0,57.0,1313000.0,59.0,1357000.0,67.0,69.64285714285714,67.5,1673428.5714285714,1620500.0
2025-02-23,SHOP003,65,78,1629000,1467567.575,161432.425,25061.53846153846,2025,2,February,23,6,Sunday,8,4,1,1,69.0,1883000.0,85.0,67.0,1643000.0,78.0,83.0,1932000.0,50.0,1179000.0,69.0,70.5,67.85714285714286,1750142.857142857,1639285.7142857143
2025-02-24,SHOP003,63,75,1556000,1401801.811,154198.189,24698.4126984127,2025,2,February,24,0,Monday,9,4,0,1,65.0,1629000.0,78.0,64.0,1635000.0,76.0,62.0,1438000.0,66.0,1549000.0,68.71428571428571,69.21428571428571,68.39285714285714,1748142.857142857,1655357.142857143
2025-02-25,SHOP003,78,93,1966000,1771171.183,194828.817,25205.128205128207,2025,2,February,25,1,Tuesday,9,4,0,1,63.0,1556000.0,75.0,62.0,1648000.0,74.0,80.0,1817000.0,53.0,1269000.0,68.57142857142857,69.28571428571429,68.28571428571429,1736857.142857143,1655607.142857143
2025-02-26,SHOP003,80,92,1890000,1702702.713,187297.287,23625.0,2025,2,February,26,2,Wednesday,9,4,0,1,78.0,1966000.0,93.0,71.0,1786000.0,84.0,68.0,1887000.0,52.0,1252000.0,70.85714285714286,69.14285714285714,69.17857142857143,1782285.7142857143,1680500.0
2025-02-27,SHOP003,70,87,1770000,1594594.603,175405.397,25285.714285714286,2025,2,February,27,3,Thursday,9,4,0,1,80.0,1890000.0,92.0,70.0,1753000.0,79.0,81.0,1925000.0,57.0,1338000.0,72.14285714285714,70.0,70.17857142857143,1797142.857142857,1703285.7142857143
2025-02-28,SHOP003,70,78,1658000,1493693.701,164306.299,23685.714285714286,2025,2,February,28,4,Friday,9,4,0,1,70.0,1770000.0,87.0,80.0,1903000.0,91.0,75.0,1648000.0,62.0,1561000.0,72.14285714285714,69.21428571428571,70.64285714285714,1799571.4285714286,1718714.2857142857
2025-03-01,SHOP003,73,83,1801000,1622522.534,178477.46600000001,24671.23287671233,2025,3,March,1,5,Saturday,9,1,1,1,70.0,1658000.0,78.0,69.0,1883000.0,85.0,55.0,1346000.0,72.0,1844000.0,70.71428571428571,68.85714285714286,70.92857142857143,1764571.4285714286,1722178.5714285714
2025-03-02,SHOP003,74,87,1904000,1715315.322,188684.678,25729.72972972973,2025,3,March,2,6,Sunday,9,1,1,1,73.0,1801000.0,83.0,65.0,1629000.0,78.0,67.0,1643000.0,66.0,1583000.0,71.28571428571429,70.14285714285714,70.96428571428571,1752857.142857143,1720642.857142857
2025-03-03,SHOP003,81,95,1969000,1773873.889,195126.111,24308.64197530864,2025,3,March,3,0,Monday,10,1,0,1,74.0,1904000.0,87.0,63.0,1556000.0,75.0,64.0,1635000.0,70.0,1605000.0,72.57142857142857,70.64285714285714,71.25,1792142.857142857,1732107.142857143
2025-03-04,SHOP003,63,76,1530000,1378378.385,151621.615,24285.714285714286,2025,3,March,4,1,Tuesday,10,1,0,1,81.0,1969000.0,95.0,78.0,1966000.0,93.0,62.0,1648000.0,75.0,1795000.0,75.14285714285714,71.85714285714286,71.64285714285714,1851142.857142857,1745107.142857143
2025-03-05,SHOP003,80,91,1870000,1684684.697,185315.303,23375.0,2025,3,March,5,2,Wednesday,10,1,0,1,63.0,1530000.0,76.0,80.0,1890000.0,92.0,71.0,1786000.0,79.0,1740000.0,73.0,71.92857142857143,71.21428571428571,1788857.142857143,1735642.857142857
2025-03-06,SHOP003,58,70,1372000,1236036.044,135963.956,23655.172413793105,2025,3,March,6,3,Thursday,10,1,0,1,80.0,1870000.0,91.0,70.0,1770000.0,87.0,70.0,1753000.0,65.0,1618000.0,73.0,72.57142857142857,71.25,1786000.0,1740285.7142857143
2025-03-07,SHOP003,78,87,1923000,1732432.441,190567.559,24653.846153846152,2025,3,March,7,4,Friday,10,1,0,1,58.0,1372000.0,70.0,70.0,1658000.0,78.0,80.0,1903000.0,89.0,2010000.0,71.28571428571429,71.71428571428571,71.0,1729142.857142857,1731500.0
2025-03-08,SHOP003,62,70,1377000,1240540.549,136459.451,22209.677419354837,2025,3,March,8,5,Saturday,10,2,1,1,78.0,1923000.0,87.0,73.0,1801000.0,83.0,69.0,1883000.0,57.0,1313000.0,72.42857142857143,71.57142857142857,70.60714285714286,1767000.0,1728392.857142857
2025-03-09,SHOP003,70,77,1610000,1450450.461,159549.539,23000.0,2025,3,March,9,6,Sunday,10,2,1,1,62.0,1377000.0,70.0,74.0,1904000.0,87.0,65.0,1629000.0,83.0,1932000.0,70.85714285714286,71.07142857142857,70.78571428571429,1706428.5714285714,1730678.5714285714
2025-03-10,SHOP003,72,78,1580000,1423423.432,156576.568,21944.444444444445,2025,3,March,10,0,Monday,11,2,0,1,70.0,1610000.0,77.0,81.0,1969000.0,95.0,63.0,1556000.0,62.0,1438000.0,70.28571428571429,71.42857142857143,70.32142857142857,1664428.5714285714,1719178.5714285714
2025-03-11,SHOP003,72,81,1684000,1517117.127,166882.873,23388.88888888889,2025,3,March,11,1,Tuesday,11,2,0,1,72.0,1580000.0,78.0,63.0,1530000.0,76.0,78.0,1966000.0,80.0,1817000.0,69.0,72.07142857142857,70.67857142857143,1608857.142857143,1724250.0
2025-03-12,SHOP003,74,90,1906000,1717117.127,188882.873,25756.756756756757,2025,3,March,12,2,Wednesday,11,2,0,1,72.0,1684000.0,81.0,80.0,1870000.0,91.0,80.0,1890000.0,68.0,1887000.0,70.28571428571429,71.64285714285714,70.39285714285714,1630857.142857143,1719500.0
2025-03-13,SHOP003,80,95,2127000,1916216.226,210783.774,26587.5,2025,3,March,13,3,Thursday,11,2,0,1,74.0,1906000.0,90.0,58.0,1372000.0,70.0,70.0,1770000.0,81.0,1925000.0,69.42857142857143,71.21428571428571,70.60714285714286,1636000.0,1720178.5714285714
2025-03-14,SHOP003,73,81,1723000,1552252.265,170747.73500000002,23602.739726027397,2025,3,March,14,4,Friday,11,2,0,1,80.0,2127000.0,95.0,78.0,1923000.0,87.0,70.0,1658000.0,75.0,1648000.0,72.57142857142857,71.92857142857143,70.57142857142857,1743857.142857143,1727392.857142857
2025-03-15,SHOP003,72,83,1731000,1559459.4679999999,171540.532,24041.666666666668,2025,3,March,15,5,Saturday,11,3,1,1,73.0,1723000.0,81.0,62.0,1377000.0,70.0,73.0,1801000.0,55.0,1346000.0,71.85714285714286,72.14285714285714,70.5,1715285.7142857143,1730071.4285714286
2025-03-16,SHOP003,84,98,2128000,1917117.128,210882.872,25333.333333333332,2025,3,March,16,6,Sunday,11,3,1,1,72.0,1731000.0,83.0,70.0,1610000.0,77.0,74.0,1904000.0,67.0,1643000.0,73.28571428571429,72.07142857142857,71.10714285714286,1765857.142857143,1743821.4285714286
2025-03-17,SHOP003,59,73,1452000,1308108.116,143891.884,24610.169491525423,2025,3,March,17,0,Monday,12,3,0,1,84.0,2128000.0,98.0,72.0,1580000.0,78.0,81.0,1969000.0,64.0,1635000.0,75.28571428571429,72.78571428571429,71.71428571428571,1839857.142857143,1761142.857142857
2025-03-18,SHOP003,73,79,1635000,1472972.983,162027.017,22397.260273972603,2025,3,March,18,1,Tuesday,12,3,0,1,59.0,1452000.0,73.0,72.0,1684000.0,81.0,63.0,1530000.0,62.0,1648000.0,73.42857142857143,71.21428571428571,71.53571428571429,1821571.4285714286,1754607.142857143
2025-03-19,SHOP003,85,100,2116000,1906306.316,209693.684,24894.117647058825,2025,3,March,19,2,Wednesday,12,3,0,1,73.0,1635000.0,79.0,74.0,1906000.0,90.0,80.0,1870000.0,71.0,1786000.0,73.57142857142857,71.92857142857143,71.92857142857143,1814571.4285714286,1754142.857142857
2025-03-20,SHOP003,75,81,1833000,1651351.362,181648.638,24440.0,2025,3,March,20,3,Thursday,12,3,0,1,85.0,2116000.0,100.0,80.0,2127000.0,95.0,58.0,1372000.0,70.0,1753000.0,75.14285714285714,72.28571428571429,72.42857142857143,1844571.4285714286,1765928.5714285714
2025-03-21,SHOP003,65,73,1617000,1456756.763,160243.237,24876.923076923078,2025,3,March,21,4,Friday,12,3,0,1,75.0,1833000.0,81.0,73.0,1723000.0,81.0,78.0,1923000.0,80.0,1903000.0,74.42857142857143,73.5,72.60714285714286,1802571.4285714286,1768785.7142857143
2025-03-22,SHOP003,58,63,1289000,1161261.267,127738.733,22224.137931034482,2025,3,March,22,5,Saturday,12,4,1,1,65.0,1617000.0,73.0,72.0,1731000.0,83.0,62.0,1377000.0,69.0,1883000.0,73.28571428571429,72.57142857142857,72.07142857142857,1787428.5714285714,1758571.4285714286
2025-03-23,SHOP003,88,103,2290000,2063063.076,226936.924,26022.727272727272,2025,3,March,23,6,Sunday,12,4,1,1,58.0,1289000.0,63.0,84.0,2128000.0,98.0,70.0,1610000.0,65.0,1629000.0,71.28571428571429,72.28571428571429,71.67857142857143,1724285.7142857143,1737357.142857143
2025-03-24,SHOP003,78,86,1853000,1669369.381,183630.619,23756.410256410258,2025,3,March,24,0,Monday,13,4,0,1,88.0,2290000.0,103.0,59.0,1452000.0,73.0,72.0,1580000.0,63.0,1556000.0,71.85714285714286,73.57142857142857,72.5,1747428.5714285714,1760964.2857142857
2025-03-25,SHOP003,69,79,1663000,1498198.206,164801.794,24101.44927536232,2025,3,March,25,1,Tuesday,13,4,0,1,78.0,1853000.0,86.0,73.0,1635000.0,79.0,72.0,1684000.0,78.0,1966000.0,74.57142857142857,74.0,73.03571428571429,1804714.2857142857,1771571.4285714286
2025-03-26,SHOP003,72,83,1775000,1599099.109,175900.891,24652.777777777777,2025,3,March,26,2,Wednesday,13,4,0,1,69.0,1663000.0,79.0,85.0,2116000.0,100.0,74.0,1906000.0,80.0,1890000.0,74.0,73.78571428571429,72.71428571428571,1808714.2857142857,1760750.0
2025-03-27,SHOP003,74,89,2016000,1816216.2280000001,199783.772,27243.243243243243,2025,3,March,27,3,Thursday,13,4,0,1,72.0,1775000.0,83.0,75.0,1833000.0,81.0,80.0,2127000.0,70.0,1770000.0,72.14285714285714,73.64285714285714,72.42857142857143,1760000.0,1756642.857142857
2025-03-28,SHOP003,88,101,2104000,1895495.506,208504.494,23909.090909090908,2025,3,March,28,4,Friday,13,4,0,1,74.0,2016000.0,89.0,65.0,1617000.0,73.0,73.0,1723000.0,70.0,1658000.0,72.0,73.21428571428571,72.57142857142857,1786142.857142857,1765428.5714285714
2025-03-29,SHOP003,85,96,2033000,1831531.541,201468.459,23917.647058823528,2025,3,March,29,5,Saturday,13,5,1,1,88.0,2104000.0,101.0,58.0,1289000.0,63.0,72.0,1731000.0,73.0,1801000.0,75.28571428571429,74.28571428571429,73.21428571428571,1855714.2857142857,1781357.142857143
2025-03-30,SHOP003,71,77,1637000,1474774.785,162225.215,23056.338028169015,2025,3,March,30,6,Sunday,13,5,1,1,85.0,2033000.0,96.0,88.0,2290000.0,103.0,84.0,2128000.0,74.0,1904000.0,79.14285714285714,75.21428571428571,73.64285714285714,1962000.0,1789642.857142857
2025-03-31,SHOP003,88,102,2219000,1999099.111,219900.889,25215.909090909092,2025,3,March,31,0,Monday,14,5,0,1,71.0,1637000.0,77.0,78.0,1853000.0,86.0,59.0,1452000.0,81.0,1969000.0,76.71428571428571,74.28571428571429,73.53571428571429,1868714.2857142857,1780107.142857143
2025-04-01,SHOP003,25,27,537000,483783.786,53216.214,21480.0,2025,4,April,1,1,Tuesday,14,1,0,2,88.0,2219000.0,102.0,69.0,1663000.0,79.0,73.0,1635000.0,63.0,1530000.0,78.14285714285714,76.35714285714286,73.78571428571429,1921000.0,1789035.7142857143
2025-04-02,SHOP003,27,34,675000,608108.112,66891.888,25000.0,2025,4,April,2,2,Wednesday,14,1,0,2,25.0,537000.0,27.0,72.0,1775000.0,83.0,85.0,2116000.0,80.0,1870000.0,71.85714285714286,72.92857142857143,72.42857142857143,1760142.857142857,1753571.4285714286
2025-04-03,SHOP003,35,40,837000,754054.058,82945.942,23914.285714285714,2025,4,April,3,3,Thursday,14,1,0,2,27.0,675000.0,34.0,74.0,2016000.0,89.0,75.0,1833000.0,58.0,1372000.0,65.42857142857143,68.78571428571429,70.53571428571429,1603000.0,1710892.857142857
2025-04-04,SHOP003,24,28,592000,533333.336,58666.664,24666.666666666668,2025,4,April,4,4,Friday,14,1,0,2,35.0,837000.0,40.0,88.0,2104000.0,101.0,65.0,1617000.0,78.0,1923000.0,59.857142857142854,65.92857142857143,69.71428571428571,1434571.4285714286,1691785.7142857143
2025-04-05,SHOP003,35,43,940000,846846.854,93153.14600000001,26857.14285714286,2025,4,April,5,5,Saturday,14,1,1,2,24.0,592000.0,28.0,85.0,2033000.0,96.0,58.0,1289000.0,62.0,1377000.0,50.714285714285715,63.0,67.78571428571429,1218571.4285714286,1644250.0
2025-04-06,SHOP003,21,26,513000,462162.16500000004,50837.835,24428.571428571428,2025,4,April,6,6,Sunday,14,1,1,2,35.0,940000.0,43.0,71.0,1637000.0,77.0,88.0,2290000.0,70.0,1610000.0,43.57142857142857,61.357142857142854,66.82142857142857,1062428.5714285714,1628642.857142857
2025-04-07,SHOP003,35,45,937000,844144.148,92855.852,26771.428571428572,2025,4,April,7,0,Monday,15,1,0,2,21.0,513000.0,26.0,88.0,2219000.0,102.0,78.0,1853000.0,72.0,1580000.0,36.42857142857143,56.57142857142857,65.07142857142857,901857.1428571428,1589464.2857142857
2025-04-08,SHOP003,28,33,684000,616216.22,67783.78,24428.571428571428,2025,4,April,8,1,Tuesday,15,2,0,2,35.0,937000.0,45.0,25.0,537000.0,27.0,69.0,1663000.0,72.0,1684000.0,28.857142857142858,53.5,63.75,718714.2857142857,1566500.0
2025-04-09,SHOP003,32,39,772000,695495.499,76504.501,24125.0,2025,4,April,9,2,Wednesday,15,2,0,2,28.0,684000.0,33.0,27.0,675000.0,34.0,72.0,1775000.0,74.0,1906000.0,29.285714285714285,50.57142857142857,62.17857142857143,739714.2857142857,1530785.7142857143
2025-04-10,SHOP003,32,42,974000,877477.482,96522.518,30437.5,2025,4,April,10,3,Thursday,15,2,0,2,32.0,772000.0,39.0,35.0,837000.0,40.0,74.0,2016000.0,80.0,2127000.0,30.0,47.714285714285715,60.67857142857143,753571.4285714285,1490285.7142857143
2025-04-11,SHOP003,29,33,678000,610810.816,67189.184,23379.310344827587,2025,4,April,11,4,Friday,15,2,0,2,32.0,974000.0,42.0,24.0,592000.0,28.0,88.0,2104000.0,73.0,1723000.0,29.571428571428573,44.714285714285715,58.964285714285715,773142.8571428572,1449107.142857143
2025-04-12,SHOP003,23,27,591000,532432.436,58567.564,25695.652173913044,2025,4,April,12,5,Saturday,15,2,1,2,29.0,678000.0,33.0,35.0,940000.0,43.0,85.0,2033000.0,72.0,1731000.0,30.285714285714285,40.5,57.392857142857146,785428.5714285715,1411785.7142857143
2025-04-13,SHOP003,34,38,837000,754054.059,82945.941,24617.647058823528,2025,4,April,13,6,Sunday,15,2,1,2,23.0,591000.0,27.0,21.0,513000.0,26.0,71.0,1637000.0,84.0,2128000.0,28.571428571428573,36.07142857142857,55.642857142857146,735571.4285714285,1371071.4285714286
2025-04-14,SHOP003,28,34,710000,639639.642,70360.35800000001,25357.14285714286,2025,4,April,14,0,Monday,16,2,0,2,34.0,837000.0,38.0,35.0,937000.0,45.0,88.0,2219000.0,59.0,1452000.0,30.428571428571427,33.42857142857143,53.857142857142854,781857.1428571428,1324964.2857142857
2025-04-15,SHOP003,33,37,734000,661261.2660000001,72738.734,22242.424242424244,2025,4,April,15,1,Tuesday,16,3,0,2,28.0,710000.0,34.0,28.0,684000.0,33.0,25.0,537000.0,73.0,1635000.0,29.428571428571427,29.142857142857142,52.75,749428.5714285715,1298464.2857142857
2025-04-16,SHOP003,36,44,940000,846846.8539999999,93153.14600000001,26111.11111111111,2025,4,April,16,2,Wednesday,16,3,0,2,33.0,734000.0,37.0,32.0,772000.0,39.0,27.0,675000.0,85.0,2116000.0,30.142857142857142,29.714285714285715,51.32142857142857,756571.4285714285,1266285.7142857143
2025-04-17,SHOP003,26,29,537000,483783.786,53216.214,20653.846153846152,2025,4,April,17,3,Thursday,16,3,0,2,36.0,940000.0,44.0,32.0,974000.0,42.0,35.0,837000.0,75.0,1833000.0,30.714285714285715,30.357142857142858,49.57142857142857,780571.4285714285,1224285.7142857143
2025-04-18,SHOP003,27,34,716000,645045.048,70954.952,26518.51851851852,2025,4,April,18,4,Friday,16,3,0,2,26.0,537000.0,29.0,29.0,678000.0,33.0,24.0,592000.0,65.0,1617000.0,29.857142857142858,29.714285714285715,47.82142857142857,718142.8571428572,1178000.0
2025-04-19,SHOP003,26,30,633000,570270.274,62729.726,24346.153846153848,2025,4,April,19,5,Saturday,16,3,1,2,27.0,716000.0,34.0,23.0,591000.0,27.0,35.0,940000.0,58.0,1289000.0,29.571428571428573,29.928571428571427,46.464285714285715,723571.4285714285,1145821.4285714286
2025-04-20,SHOP003,28,34,703000,633333.338,69666.662,25107.14285714286,2025,4,April,20,6,Sunday,16,3,1,2,26.0,633000.0,30.0,34.0,837000.0,38.0,21.0,513000.0,88.0,2290000.0,30.0,29.285714285714285,45.32142857142857,729571.4285714285,1122392.857142857
2025-04-21,SHOP003,39,46,930000,837837.8420000001,92162.158,23846.153846153848,2025,4,April,21,0,Monday,17,3,0,2,28.0,703000.0,34.0,28.0,710000.0,34.0,35.0,937000.0,78.0,1853000.0,29.142857142857142,29.785714285714285,43.17857142857143,710428.5714285715,1065714.2857142857
2025-04-22,SHOP003,27,31,650000,585585.589,64414.411,24074.074074074073,2025,4,April,22,1,Tuesday,17,4,0,2,39.0,930000.0,46.0,33.0,734000.0,37.0,28.0,684000.0,69.0,1663000.0,30.714285714285715,30.071428571428573,41.785714285714285,741857.1428571428,1032750.0
2025-04-23,SHOP003,35,42,929000,836936.941,92063.059,26542.85714285714,2025,4,April,23,2,Wednesday,17,4,0,2,27.0,650000.0,31.0,36.0,940000.0,44.0,32.0,772000.0,72.0,1775000.0,29.857142857142858,30.0,40.285714285714285,729857.1428571428,996571.4285714285
2025-04-24,SHOP003,23,24,527000,474774.779,52225.221,22913.043478260868,2025,4,April,24,3,Thursday,17,4,0,2,35.0,929000.0,42.0,26.0,537000.0,29.0,32.0,974000.0,74.0,2016000.0,29.714285714285715,30.214285714285715,38.964285714285715,728285.7142857143,966357.1428571428
2025-04-25,SHOP003,35,43,780000,702702.709,77297.291,22285.714285714286,2025,4,April,25,4,Friday,17,4,0,2,23.0,527000.0,24.0,27.0,716000.0,34.0,29.0,678000.0,88.0,2104000.0,29.285714285714285,29.571428571428573,37.142857142857146,726857.1428571428,913178.5714285715
2025-04-26,SHOP003,25,30,636000,572972.977,63027.023,25440.0,2025,4,April,26,5,Saturday,17,4,1,2,35.0,780000.0,43.0,26.0,633000.0,30.0,23.0,591000.0,85.0,2033000.0,30.428571428571427,30.0,35.25,736000.0,865892.8571428572
2025-04-27,SHOP003,28,34,757000,681981.984,75018.016,27035.714285714286,2025,4,April,27,6,Sunday,17,4,1,2,25.0,636000.0,30.0,28.0,703000.0,34.0,34.0,837000.0,71.0,1637000.0,30.285714285714285,30.142857142857142,33.107142857142854,736428.5714285715,816000.0
2025-04-28,SHOP003,28,34,772000,695495.498,76504.50200000001,27571.428571428572,2025,4,April,28,0,Monday,18,4,0,2,28.0,757000.0,34.0,39.0,930000.0,46.0,28.0,710000.0,88.0,2219000.0,30.285714285714285,29.714285714285715,31.571428571428573,744142.8571428572,784571.4285714285
2025-04-29,SHOP003,24,29,587000,528828.833,58171.167,24458.333333333332,2025,4,April,29,1,Tuesday,18,5,0,2,28.0,772000.0,34.0,27.0,650000.0,31.0,33.0,734000.0,25.0,537000.0,28.714285714285715,29.714285714285715,29.428571428571427,721571.4285714285,732892.8571428572
2025-04-30,SHOP003,29,31,637000,573873.879,63126.121,21965.51724137931,2025,4,April,30,2,Wednesday,18,5,0,2,24.0,587000.0,29.0,35.0,929000.0,42.0,36.0,940000.0,27.0,675000.0,28.285714285714285,29.071428571428573,29.392857142857142,712571.4285714285,734678.5714285715
2025-05-01,SHOP003,55,66,1477000,1330630.639,146369.361,26854.545454545456,2025,5,May,1,3,Thursday,18,1,0,2,29.0,637000.0,31.0,23.0,527000.0,24.0,26.0,537000.0,35.0,837000.0,27.428571428571427,28.571428571428573,29.464285714285715,670857.1428571428,733321.4285714285
2025-05-02,SHOP003,67,77,1587000,1429729.741,157270.259,23686.567164179105,2025,5,May,2,4,Friday,18,1,0,2,55.0,1477000.0,66.0,35.0,780000.0,43.0,27.0,716000.0,24.0,592000.0,32.0,30.642857142857142,30.178571428571427,806571.4285714285,756178.5714285715
2025-05-03,SHOP003,53,60,1193000,1074774.781,118225.219,22509.43396226415,2025,5,May,3,5,Saturday,18,1,1,2,67.0,1587000.0,77.0,25.0,636000.0,30.0,26.0,633000.0,35.0,940000.0,36.57142857142857,33.5,31.714285714285715,921857.1428571428,791714.2857142857
2025-05-04,SHOP003,58,69,1484000,1336936.945,147063.055,25586.206896551725,2025,5,May,4,6,Sunday,18,1,1,2,53.0,1193000.0,60.0,28.0,757000.0,34.0,28.0,703000.0,21.0,513000.0,40.57142857142857,35.42857142857143,32.357142857142854,1001428.5714285715,800750.0
2025-05-05,SHOP003,68,79,1810000,1630630.638,179369.362,26617.647058823528,2025,5,May,5,0,Monday,19,1,0,2,58.0,1484000.0,69.0,28.0,772000.0,34.0,39.0,930000.0,35.0,937000.0,44.857142857142854,37.57142857142857,33.67857142857143,1105285.7142857143,835428.5714285715
2025-05-06,SHOP003,56,65,1363000,1227927.938,135072.062,24339.285714285714,2025,5,May,6,1,Tuesday,19,1,0,2,68.0,1810000.0,79.0,24.0,587000.0,29.0,27.0,650000.0,28.0,684000.0,50.57142857142857,39.642857142857146,34.857142857142854,1253571.4285714286,866607.1428571428
2025-05-07,SHOP003,64,76,1581000,1424324.333,156675.667,24703.125,2025,5,May,7,2,Wednesday,19,1,0,2,56.0,1363000.0,65.0,29.0,637000.0,31.0,35.0,929000.0,32.0,772000.0,55.142857142857146,41.714285714285715,35.857142857142854,1364428.5714285714,890857.1428571428
2025-05-08,SHOP003,47,55,1203000,1083783.79,119216.20999999999,25595.744680851065,2025,5,May,8,3,Thursday,19,2,0,2,64.0,1581000.0,76.0,55.0,1477000.0,66.0,23.0,527000.0,32.0,974000.0,60.142857142857146,43.785714285714285,37.0,1499285.7142857143,919750.0
2025-05-09,SHOP003,62,69,1410000,1270270.277,139729.723,22741.935483870966,2025,5,May,9,4,Friday,19,2,0,2,47.0,1203000.0,55.0,67.0,1587000.0,77.0,35.0,780000.0,29.0,678000.0,59.0,45.5,37.535714285714285,1460142.857142857,927928.5714285715
2025-05-10,SHOP003,64,79,1704000,1535135.141,168864.859,26625.0,2025,5,May,10,5,Saturday,19,2,1,2,62.0,1410000.0,69.0,53.0,1193000.0,60.0,25.0,636000.0,23.0,591000.0,58.285714285714285,47.42857142857143,38.714285714285715,1434857.142857143,954071.4285714285
2025-05-11,SHOP003,61,68,1303000,1173873.885,129126.115,21360.655737704918,2025,5,May,11,6,Sunday,19,2,1,2,64.0,1704000.0,79.0,58.0,1484000.0,69.0,28.0,757000.0,34.0,837000.0,59.857142857142854,50.214285714285715,40.17857142857143,1507857.142857143,993821.4285714285
2025-05-12,SHOP003,40,46,1026000,924324.327,101675.673,25650.0,2025,5,May,12,0,Monday,20,2,0,2,61.0,1303000.0,68.0,68.0,1810000.0,79.0,28.0,772000.0,28.0,710000.0,60.285714285714285,52.57142857142857,41.142857142857146,1482000.0,1010464.2857142857
2025-05-13,SHOP003,40,46,883000,795495.499,87504.501,22075.0,2025,5,May,13,1,Tuesday,20,2,0,2,40.0,1026000.0,46.0,56.0,1363000.0,65.0,24.0,587000.0,33.0,734000.0,56.285714285714285,53.42857142857143,41.57142857142857,1370000.0,1021750.0
2025-05-14,SHOP003,54,60,1182000,1064864.871,117135.129,21888.88888888889,2025,5,May,14,2,Wednesday,20,2,0,2,40.0,883000.0,46.0,64.0,1581000.0,76.0,29.0,637000.0,36.0,940000.0,54.0,54.57142857142857,41.82142857142857,1301428.5714285714,1027071.4285714285
2025-05-15,SHOP003,50,54,1189000,1071171.176,117828.824,23780.0,2025,5,May,15,3,Thursday,20,3,0,2,54.0,1182000.0,60.0,47.0,1203000.0,55.0,55.0,1477000.0,26.0,537000.0,52.57142857142857,56.357142857142854,42.464285714285715,1244428.5714285714,1035714.2857142857
2025-05-16,SHOP003,53,62,1313000,1182882.891,130117.109,24773.584905660377,2025,5,May,16,4,Friday,20,3,0,2,50.0,1189000.0,54.0,62.0,1410000.0,69.0,67.0,1587000.0,27.0,716000.0,53.0,56.0,43.32142857142857,1242428.5714285714,1059000.0
2025-05-17,SHOP003,40,43,915000,824324.331,90675.669,22875.0,2025,5,May,17,5,Saturday,20,3,1,2,53.0,1313000.0,62.0,64.0,1704000.0,79.0,53.0,1193000.0,26.0,633000.0,51.714285714285715,55.0,44.25,1228571.4285714286,1080321.4285714286
2025-05-18,SHOP003,52,61,1297000,1168468.477,128531.523,24942.30769230769,2025,5,May,18,6,Sunday,20,3,1,2,40.0,915000.0,43.0,61.0,1303000.0,68.0,58.0,1484000.0,28.0,703000.0,48.285714285714285,54.07142857142857,44.75,1115857.142857143,1090392.857142857
2025-05-19,SHOP003,75,87,1844000,1661261.27,182738.73,24586.666666666668,2025,5,May,19,0,Monday,21,3,0,2,52.0,1297000.0,61.0,40.0,1026000.0,46.0,68.0,1810000.0,39.0,930000.0,47.0,53.642857142857146,45.607142857142854,1115000.0,1111607.142857143
2025-05-20,SHOP003,55,70,1516000,1365765.772,150234.228,27563.636363636364,2025,5,May,20,1,Tuesday,21,3,0,2,75.0,1844000.0,87.0,40.0,883000.0,46.0,56.0,1363000.0,27.0,650000.0,52.0,54.142857142857146,46.892857142857146,1231857.142857143,1144250.0
2025-05-21,SHOP003,61,69,1448000,1304504.513,143495.487,23737.70491803279,2025,5,May,21,2,Wednesday,21,3,0,2,55.0,1516000.0,70.0,54.0,1182000.0,60.0,64.0,1581000.0,35.0,929000.0,54.142857142857146,54.07142857142857,47.892857142857146,1322285.7142857143,1175178.5714285714
2025-05-22,SHOP003,62,73,1505000,1355855.864,149144.136,24274.1935483871,2025,5,May,22,3,Thursday,21,4,0,2,61.0,1448000.0,69.0,50.0,1189000.0,54.0,47.0,1203000.0,23.0,527000.0,55.142857142857146,53.857142857142854,48.82142857142857,1360285.7142857143,1193714.2857142857
2025-05-23,SHOP003,54,62,1360000,1225225.235,134774.765,25185.185185185186,2025,5,May,23,4,Friday,21,4,0,2,62.0,1505000.0,73.0,53.0,1313000.0,62.0,62.0,1410000.0,35.0,780000.0,56.857142857142854,54.92857142857143,50.214285714285715,1405428.5714285714,1228642.857142857
2025-05-24,SHOP003,60,76,1725000,1554054.06,170945.94,28750.0,2025,5,May,24,5,Saturday,21,4,1,2,54.0,1360000.0,62.0,40.0,915000.0,43.0,64.0,1704000.0,25.0,636000.0,57.0,54.357142857142854,50.892857142857146,1412142.857142857,1249357.142857143
2025-05-25,SHOP003,65,74,1488000,1340540.552,147459.448,22892.30769230769,2025,5,May,25,6,Sunday,21,4,1,2,60.0,1725000.0,76.0,52.0,1297000.0,61.0,61.0,1303000.0,28.0,757000.0,59.857142857142854,54.07142857142857,52.142857142857146,1527857.142857143,1288250.0
2025-05-26,SHOP003,54,59,1287000,1159459.465,127540.535,23833.333333333332,2025,5,May,26,0,Monday,22,4,0,2,65.0,1488000.0,74.0,75.0,1844000.0,87.0,40.0,1026000.0,28.0,772000.0,61.714285714285715,54.357142857142854,53.464285714285715,1555142.857142857,1314357.142857143
2025-05-27,SHOP003,68,79,1722000,1551351.361,170648.639,25323.529411764706,2025,5,May,27,1,Tuesday,22,4,0,2,54.0,1287000.0,59.0,55.0,1516000.0,70.0,40.0,883000.0,24.0,587000.0,58.714285714285715,55.357142857142854,54.392857142857146,1475571.4285714286,1332750.0
2025-05-28,SHOP003,45,51,1091000,982882.89,108117.11,24244.444444444445,2025,5,May,28,2,Wednesday,22,4,0,2,68.0,1722000.0,79.0,61.0,1448000.0,69.0,54.0,1182000.0,29.0,637000.0,60.57142857142857,57.357142857142854,55.964285714285715,1505000.0,1373285.7142857143
2025-05-29,SHOP003,54,59,1162000,1046846.853,115153.147,21518.51851851852,2025,5,May,29,3,Thursday,22,5,0,2,45.0,1091000.0,51.0,62.0,1505000.0,73.0,50.0,1189000.0,55.0,1477000.0,58.285714285714285,56.714285714285715,56.535714285714285,1454000.0,1389500.0
2025-05-30,SHOP003,44,48,996000,897297.302,98702.698,22636.363636363636,2025,5,May,30,4,Friday,22,5,0,2,54.0,1162000.0,59.0,54.0,1360000.0,62.0,53.0,1313000.0,67.0,1587000.0,57.142857142857146,57.0,56.5,1405000.0,1378250.0
2025-05-31,SHOP003,48,56,1199000,1080180.185,118819.815,24979.166666666668,2025,5,May,31,5,Saturday,22,5,1,2,44.0,996000.0,48.0,60.0,1725000.0,76.0,40.0,915000.0,53.0,1193000.0,55.714285714285715,56.357142857142854,55.67857142857143,1353000.0,1357142.857142857
2025-06-01,SHOP003,88,105,2216000,1996396.406,219603.594,25181.81818181818,2025,6,June,1,6,Sunday,22,1,1,2,48.0,1199000.0,56.0,65.0,1488000.0,74.0,52.0,1297000.0,58.0,1484000.0,54.0,56.92857142857143,55.5,1277857.142857143,1357357.142857143
2025-06-02,SHOP003,79,93,1932000,1740540.551,191459.449,24455.696202531646,2025,6,June,2,0,Monday,23,1,0,2,88.0,2216000.0,105.0,54.0,1287000.0,59.0,75.0,1844000.0,68.0,1810000.0,57.285714285714285,59.5,56.57142857142857,1381857.142857143,1383500.0
2025-06-03,SHOP003,74,85,1669000,1503603.613,165396.387,22554.054054054053,2025,6,June,3,1,Tuesday,23,1,0,2,79.0,1932000.0,93.0,68.0,1722000.0,79.0,55.0,1516000.0,56.0,1363000.0,60.857142857142854,59.785714285714285,56.964285714285715,1474000.0,1387857.142857143
2025-06-04,SHOP003,86,101,2223000,2002702.7179999999,220297.282,25848.837209302324,2025,6,June,4,2,Wednesday,23,1,0,2,74.0,1669000.0,85.0,45.0,1091000.0,51.0,61.0,1448000.0,64.0,1581000.0,61.714285714285715,61.142857142857146,57.607142857142854,1466428.5714285714,1398785.7142857143
2025-06-05,SHOP003,67,73,1482000,1335135.145,146864.855,22119.402985074626,2025,6,June,5,3,Thursday,23,1,0,2,86.0,2223000.0,101.0,54.0,1162000.0,59.0,62.0,1505000.0,47.0,1203000.0,67.57142857142857,62.92857142857143,58.392857142857146,1628142.857142857,1421714.2857142857
2025-06-06,SHOP003,73,85,1736000,1563963.973,172036.027,23780.821917808218,2025,6,June,6,4,Friday,23,1,0,2,67.0,1482000.0,73.0,44.0,996000.0,48.0,54.0,1360000.0,62.0,1410000.0,69.42857142857143,63.285714285714285,59.107142857142854,1673857.142857143,1431678.5714285714
2025-06-07,SHOP003,75,88,1901000,1712612.624,188387.376,25346.666666666668,2025,6,June,7,5,Saturday,23,1,1,2,73.0,1736000.0,85.0,48.0,1199000.0,56.0,60.0,1725000.0,64.0,1704000.0,73.57142857142857,64.64285714285714,59.5,1779571.4285714286,1443321.4285714286
2025-06-08,SHOP003,74,85,1934000,1742342.355,191657.645,26135.135135135137,2025,6,June,8,6,Sunday,23,2,1,2,75.0,1901000.0,88.0,88.0,2216000.0,105.0,65.0,1488000.0,61.0,1303000.0,77.42857142857143,65.71428571428571,59.892857142857146,1879857.142857143,1450357.142857143
2025-06-09,SHOP003,79,93,1820000,1639639.652,180360.348,23037.974683544304,2025,6,June,9,0,Monday,24,2,0,2,74.0,1934000.0,85.0,79.0,1932000.0,93.0,54.0,1287000.0,40.0,1026000.0,75.42857142857143,66.35714285714286,60.357142857142854,1839571.4285714286,1472892.857142857
2025-06-10,SHOP003,79,93,1931000,1739639.645,191360.355,24443.037974683546,2025,6,June,10,1,Tuesday,24,2,0,2,79.0,1820000.0,93.0,74.0,1669000.0,85.0,68.0,1722000.0,40.0,883000.0,75.42857142857143,68.14285714285714,61.75,1823571.4285714286,1501250.0
2025-06-11,SHOP003,67,73,1437000,1294594.605,142405.395,21447.761194029852,2025,6,June,11,2,Wednesday,24,2,0,2,79.0,1931000.0,93.0,86.0,2223000.0,101.0,45.0,1091000.0,54.0,1182000.0,76.14285714285714,68.92857142857143,63.142857142857146,1861000.0,1538678.5714285714
2025-06-12,SHOP003,70,75,1716000,1545945.956,170054.044,24514.285714285714,2025,6,June,12,3,Thursday,24,2,0,2,67.0,1437000.0,73.0,67.0,1482000.0,73.0,54.0,1162000.0,50.0,1189000.0,73.42857142857143,70.5,63.607142857142854,1748714.2857142857,1547785.7142857143
2025-06-13,SHOP003,82,94,2100000,1891891.901,208108.099,25609.756097560974,2025,6,June,13,4,Friday,24,2,0,2,70.0,1716000.0,75.0,73.0,1736000.0,85.0,44.0,996000.0,53.0,1313000.0,73.85714285714286,71.64285714285714,64.32142857142857,1782142.857142857,1566607.142857143
2025-06-14,SHOP003,74,85,1765000,1590090.1,174909.9,23851.35135135135,2025,6,June,14,5,Saturday,24,2,1,2,82.0,2100000.0,94.0,75.0,1901000.0,88.0,48.0,1199000.0,40.0,915000.0,75.14285714285714,74.35714285714286,65.35714285714286,1834142.857142857,1594714.2857142857
2025-06-15,SHOP003,83,97,1937000,1745045.054,191954.946,23337.349397590362,2025,6,June,15,6,Sunday,24,3,1,2,74.0,1765000.0,85.0,74.0,1934000.0,85.0,88.0,2216000.0,52.0,1297000.0,75.0,76.21428571428571,66.57142857142857,1814714.2857142857,1625071.4285714286
2025-06-16,SHOP003,76,89,1842000,1659459.469,182540.531,24236.842105263157,2025,6,June,16,0,Monday,25,3,0,2,83.0,1937000.0,97.0,79.0,1820000.0,93.0,79.0,1932000.0,75.0,1844000.0,76.28571428571429,75.85714285714286,67.67857142857143,1815142.857142857,1647928.5714285714
2025-06-17,SHOP003,81,92,2121000,1910810.822,210189.178,26185.185185185186,2025,6,June,17,1,Tuesday,25,3,0,2,76.0,1842000.0,89.0,79.0,1931000.0,93.0,74.0,1669000.0,55.0,1516000.0,75.85714285714286,75.64285714285714,67.71428571428571,1818285.7142857143,1647857.142857143
2025-06-18,SHOP003,87,101,2064000,1859459.468,204540.532,23724.137931034482,2025,6,June,18,2,Wednesday,25,3,0,2,81.0,2121000.0,92.0,67.0,1437000.0,73.0,86.0,2223000.0,61.0,1448000.0,76.14285714285714,76.14285714285714,68.64285714285714,1845428.5714285714,1669464.2857142857
2025-06-19,SHOP003,68,77,1482000,1335135.143,146864.857,21794.117647058825,2025,6,June,19,3,Thursday,25,3,0,2,87.0,2064000.0,101.0,70.0,1716000.0,75.0,67.0,1482000.0,62.0,1505000.0,79.0,76.21428571428571,69.57142857142857,1935000.0,1691464.2857142857
2025-06-20,SHOP003,68,78,1657000,1492792.803,164207.19700000001,24367.647058823528,2025,6,June,20,4,Friday,25,3,0,2,68.0,1482000.0,77.0,82.0,2100000.0,94.0,73.0,1736000.0,54.0,1360000.0,78.71428571428571,76.28571428571429,69.78571428571429,1901571.4285714286,1690642.857142857
2025-06-21,SHOP003,81,98,2191000,1973873.884,217126.116,27049.382716049382,2025,6,June,21,5,Saturday,25,3,1,2,68.0,1657000.0,78.0,74.0,1765000.0,85.0,75.0,1901000.0,60.0,1725000.0,76.71428571428571,75.92857142857143,70.28571428571429,1838285.7142857143,1701250.0
2025-06-22,SHOP003,76,84,1867000,1681981.992,185018.008,24565.78947368421,2025,6,June,22,6,Sunday,25,4,1,2,81.0,2191000.0,98.0,83.0,1937000.0,97.0,74.0,1934000.0,65.0,1488000.0,77.71428571428571,76.35714285714286,71.03571428571429,1899142.857142857,1717892.857142857
2025-06-23,SHOP003,80,95,2105000,1896396.4070000001,208603.593,26312.5,2025,6,June,23,0,Monday,26,4,0,2,76.0,1867000.0,84.0,76.0,1842000.0,89.0,79.0,1820000.0,54.0,1287000.0,76.71428571428571,76.5,71.42857142857143,1889142.857142857,1731428.5714285714
2025-06-24,SHOP003,74,81,1608000,1448648.659,159351.34100000001,21729.72972972973,2025,6,June,24,1,Tuesday,26,4,0,2,80.0,2105000.0,95.0,81.0,2121000.0,92.0,79.0,1931000.0,68.0,1722000.0,77.28571428571429,76.57142857142857,72.35714285714286,1926714.2857142857,1760642.857142857
2025-06-25,SHOP003,86,98,1972000,1776576.586,195423.414,22930.232558139534,2025,6,June,25,2,Wednesday,26,4,0,2,74.0,1608000.0,81.0,87.0,2064000.0,101.0,67.0,1437000.0,45.0,1091000.0,76.28571428571429,76.21428571428571,72.57142857142857,1853428.5714285714,1756571.4285714286
2025-06-26,SHOP003,74,84,1825000,1644144.153,180855.847,24662.162162162163,2025,6,June,26,3,Thursday,26,4,0,2,86.0,1972000.0,98.0,68.0,1482000.0,77.0,70.0,1716000.0,54.0,1162000.0,76.14285714285714,77.57142857142857,74.03571428571429,1840285.7142857143,1788035.7142857143
2025-06-27,SHOP003,81,94,1956000,1762162.171,193837.829,24148.14814814815,2025,6,June,27,4,Friday,26,4,0,2,74.0,1825000.0,84.0,68.0,1657000.0,78.0,82.0,2100000.0,44.0,996000.0,77.0,77.85714285714286,74.75,1889285.7142857143,1811714.2857142857
2025-06-28,SHOP003,68,80,1474000,1327927.939,146072.061,21676.470588235294,2025,6,June,28,5,Saturday,26,4,1,2,81.0,1956000.0,94.0,81.0,2191000.0,98.0,74.0,1765000.0,48.0,1199000.0,78.85714285714286,77.78571428571429,76.07142857142857,1932000.0,1846000.0
2025-06-29,SHOP003,66,80,1745000,1572072.08,172927.92,26439.39393939394,2025,6,June,29,6,Sunday,26,5,1,2,68.0,1474000.0,80.0,76.0,1867000.0,84.0,83.0,1937000.0,88.0,2216000.0,77.0,77.35714285714286,76.78571428571429,1829571.4285714286,1855821.4285714286
2025-06-30,SHOP003,68,75,1405000,1265765.776,139234.224,20661.764705882353,2025,6,June,30,0,Monday,27,5,0,2,66.0,1745000.0,80.0,80.0,2105000.0,95.0,76.0,1842000.0,79.0,1932000.0,75.57142857142857,76.14285714285714,76.0,1812142.857142857,1839000.0
2025-07-01,SHOP003,67,82,1735000,1563063.07,171936.93,25895.5223880597,2025,7,July,1,1,Tuesday,27,1,0,3,68.0,1405000.0,75.0,74.0,1608000.0,81.0,81.0,2121000.0,74.0,1669000.0,73.85714285714286,75.57142857142857,75.60714285714286,1712142.857142857,1820178.5714285714
2025-07-02,SHOP003,80,94,2083000,1876576.584,206423.416,26037.5,2025,7,July,2,2,Wednesday,27,1,0,3,67.0,1735000.0,82.0,86.0,1972000.0,98.0,87.0,2064000.0,86.0,2223000.0,72.85714285714286,74.57142857142857,75.35714285714286,1730285.7142857143,1822535.7142857143
2025-07-03,SHOP003,60,68,1444000,1300900.907,143099.093,24066.666666666668,2025,7,July,3,3,Thursday,27,1,0,3,80.0,2083000.0,94.0,74.0,1825000.0,84.0,68.0,1482000.0,67.0,1482000.0,72.0,74.07142857142857,75.14285714285714,1746142.857142857,1817535.7142857143
2025-07-04,SHOP003,70,80,1748000,1574774.785,173225.215,24971.428571428572,2025,7,July,4,4,Friday,27,1,0,3,60.0,1444000.0,68.0,81.0,1956000.0,94.0,68.0,1657000.0,73.0,1736000.0,70.0,73.5,74.89285714285714,1691714.2857142857,1816178.5714285714
2025-07-05,SHOP003,70,78,1645000,1481981.992,163018.008,23500.0,2025,7,July,5,5,Saturday,27,1,1,3,70.0,1748000.0,80.0,68.0,1474000.0,80.0,81.0,2191000.0,75.0,1901000.0,68.42857142857143,73.64285714285714,74.78571428571429,1662000.0,1816607.142857143
2025-07-06,SHOP003,74,85,1823000,1642342.35,180657.65,24635.135135135137,2025,7,July,6,6,Sunday,27,1,1,3,70.0,1645000.0,78.0,66.0,1745000.0,80.0,76.0,1867000.0,74.0,1934000.0,68.71428571428571,72.85714285714286,74.60714285714286,1686428.5714285714,1807464.2857142857
2025-07-07,SHOP003,77,91,1898000,1709909.92,188090.08,24649.35064935065,2025,7,July,7,0,Monday,28,1,0,3,74.0,1823000.0,85.0,68.0,1405000.0,75.0,80.0,2105000.0,79.0,1820000.0,69.85714285714286,72.71428571428571,74.60714285714286,1697571.4285714286,1803500.0
2025-07-08,SHOP003,62,70,1477000,1330630.64,146369.36,23822.58064516129,2025,7,July,8,1,Tuesday,28,2,0,3,77.0,1898000.0,91.0,67.0,1735000.0,82.0,74.0,1608000.0,79.0,1931000.0,71.14285714285714,72.5,74.53571428571429,1768000.0,1806285.7142857143
2025-07-09,SHOP003,80,91,1925000,1734234.2449999999,190765.755,24062.5,2025,7,July,9,2,Wednesday,28,2,0,3,62.0,1477000.0,70.0,80.0,2083000.0,94.0,86.0,1972000.0,67.0,1437000.0,70.42857142857143,71.64285714285714,73.92857142857143,1731142.857142857,1790071.4285714286
2025-07-10,SHOP003,64,75,1571000,1415315.322,155684.678,24546.875,2025,7,July,10,3,Thursday,28,2,0,3,80.0,1925000.0,91.0,60.0,1444000.0,68.0,74.0,1825000.0,70.0,1716000.0,70.42857142857143,71.21428571428571,74.39285714285714,1708571.4285714286,1807500.0
2025-07-11,SHOP003,88,100,2170000,1954954.968,215045.032,24659.090909090908,2025,7,July,11,4,Friday,28,2,0,3,64.0,1571000.0,75.0,70.0,1748000.0,80.0,81.0,1956000.0,82.0,2100000.0,71.0,70.5,74.17857142857143,1726714.2857142857,1802321.4285714286
2025-07-12,SHOP003,72,80,1753000,1579279.29,173720.71,24347.222222222223,2025,7,July,12,5,Saturday,28,2,1,3,88.0,2170000.0,100.0,70.0,1645000.0,78.0,68.0,1474000.0,74.0,1765000.0,73.57142857142857,71.0,74.39285714285714,1787000.0,1804821.4285714286
2025-07-13,SHOP003,70,79,1709000,1539639.649,169360.351,24414.285714285714,2025,7,July,13,6,Sunday,28,2,1,3,72.0,1753000.0,80.0,74.0,1823000.0,85.0,66.0,1745000.0,83.0,1937000.0,73.85714285714286,71.28571428571429,74.32142857142857,1802428.5714285714,1804392.857142857
2025-07-14,SHOP003,54,63,1300000,1171171.18,128828.82,24074.074074074073,2025,7,July,14,0,Monday,29,2,0,3,70.0,1709000.0,79.0,77.0,1898000.0,91.0,68.0,1405000.0,76.0,1842000.0,73.28571428571429,71.57142857142857,73.85714285714286,1786142.857142857,1796250.0
2025-07-15,SHOP003,75,89,1873000,1687387.396,185612.604,24973.333333333332,2025,7,July,15,1,Tuesday,29,3,0,3,54.0,1300000.0,63.0,62.0,1477000.0,70.0,67.0,1735000.0,81.0,2121000.0,70.0,70.57142857142857,73.07142857142857,1700714.2857142857,1776892.857142857
2025-07-16,SHOP003,80,88,1955000,1761261.271,193738.729,24437.5,2025,7,July,16,2,Wednesday,29,3,0,3,75.0,1873000.0,89.0,80.0,1925000.0,91.0,80.0,2083000.0,87.0,2064000.0,71.85714285714286,71.14285714285714,72.85714285714286,1757285.7142857143,1768035.7142857143
2025-07-17,SHOP003,69,85,1869000,1683783.792,185216.208,27086.956521739132,2025,7,July,17,3,Thursday,29,3,0,3,80.0,1955000.0,88.0,64.0,1571000.0,75.0,60.0,1444000.0,68.0,1482000.0,71.85714285714286,71.14285714285714,72.60714285714286,1761571.4285714286,1764142.857142857
2025-07-18,SHOP003,70,79,1588000,1430630.641,157369.359,22685.714285714286,2025,7,July,18,4,Friday,29,3,0,3,69.0,1869000.0,85.0,88.0,2170000.0,100.0,70.0,1748000.0,68.0,1657000.0,72.57142857142857,71.78571428571429,72.64285714285714,1804142.857142857,1777964.2857142857
2025-07-19,SHOP003,69,76,1615000,1454954.966,160045.034,23405.797101449276,2025,7,July,19,5,Saturday,29,3,1,3,70.0,1588000.0,79.0,72.0,1753000.0,80.0,70.0,1645000.0,81.0,2191000.0,70.0,71.78571428571429,72.71428571428571,1721000.0,1775500.0
2025-07-20,SHOP003,61,66,1412000,1272072.081,139927.919,23147.54098360656,2025,7,July,20,6,Sunday,29,3,1,3,69.0,1615000.0,76.0,70.0,1709000.0,79.0,74.0,1823000.0,76.0,1867000.0,69.57142857142857,71.71428571428571,72.28571428571429,1701285.7142857143,1754928.5714285714
2025-07-21,SHOP003,63,73,1452000,1308108.114,143891.886,23047.619047619046,2025,7,July,21,0,Monday,30,3,0,3,61.0,1412000.0,66.0,54.0,1300000.0,63.0,77.0,1898000.0,80.0,2105000.0,68.28571428571429,70.78571428571429,71.75,1658857.142857143,1738678.5714285714
2025-07-22,SHOP003,80,95,2028000,1827027.04,200972.96,25350.0,2025,7,July,22,1,Tuesday,30,4,0,3,63.0,1452000.0,73.0,75.0,1873000.0,89.0,62.0,1477000.0,74.0,1608000.0,69.57142857142857,69.78571428571429,71.14285714285714,1680571.4285714286,1715357.142857143
2025-07-23,SHOP003,64,68,1470000,1324324.3329999999,145675.66700000002,22968.75,2025,7,July,23,2,Wednesday,30,4,0,3,80.0,2028000.0,95.0,80.0,1955000.0,88.0,80.0,1925000.0,86.0,1972000.0,70.28571428571429,71.07142857142857,71.35714285714286,1702714.2857142857,1730357.142857143
2025-07-24,SHOP003,59,68,1500000,1351351.359,148648.641,25423.728813559323,2025,7,July,24,3,Thursday,30,4,0,3,64.0,1470000.0,68.0,69.0,1869000.0,85.0,64.0,1571000.0,74.0,1825000.0,68.0,69.92857142857143,70.57142857142857,1633428.5714285714,1712428.5714285714
2025-07-25,SHOP003,87,102,2235000,2013513.526,221486.47400000002,25689.655172413793,2025,7,July,25,4,Friday,30,4,0,3,59.0,1500000.0,68.0,70.0,1588000.0,79.0,88.0,2170000.0,81.0,1956000.0,66.57142857142857,69.57142857142857,70.03571428571429,1580714.2857142857,1700821.4285714286
2025-07-26,SHOP003,63,69,1447000,1303603.611,143396.389,22968.25396825397,2025,7,July,26,5,Saturday,30,4,1,3,87.0,2235000.0,102.0,69.0,1615000.0,76.0,72.0,1753000.0,68.0,1474000.0,69.0,69.5,70.25,1673142.857142857,1710785.7142857143
2025-07-27,SHOP003,55,64,1351000,1217117.125,133882.875,24563.636363636364,2025,7,July,27,6,Sunday,30,4,1,3,63.0,1447000.0,69.0,61.0,1412000.0,66.0,70.0,1709000.0,66.0,1745000.0,68.14285714285714,68.85714285714286,70.07142857142857,1649142.857142857,1709821.4285714286
2025-07-28,SHOP003,69,81,1725000,1554054.065,170945.935,25000.0,2025,7,July,28,0,Monday,31,4,0,3,55.0,1351000.0,64.0,63.0,1452000.0,73.0,54.0,1300000.0,68.0,1405000.0,67.28571428571429,67.78571428571429,69.67857142857143,1640428.5714285714,1695750.0
2025-07-29,SHOP003,69,79,1618000,1457657.666,160342.334,23449.27536231884,2025,7,July,29,1,Tuesday,31,5,0,3,69.0,1725000.0,81.0,80.0,2028000.0,95.0,75.0,1873000.0,67.0,1735000.0,68.14285714285714,68.85714285714286,69.71428571428571,1679428.5714285714,1707178.5714285714
2025-07-30,SHOP003,72,87,1812000,1632432.442,179567.558,25166.666666666668,2025,7,July,30,2,Wednesday,31,5,0,3,69.0,1618000.0,79.0,64.0,1470000.0,68.0,80.0,1955000.0,80.0,2083000.0,66.57142857142857,68.42857142857143,69.78571428571429,1620857.142857143,1703000.0
2025-07-31,SHOP003,77,90,1973000,1777477.487,195522.513,25623.376623376622,2025,7,July,31,3,Thursday,31,5,0,3,72.0,1812000.0,87.0,59.0,1500000.0,68.0,69.0,1869000.0,60.0,1444000.0,67.71428571428571,67.85714285714286,69.5,1669714.2857142857,1693321.4285714286
2025-08-01,SHOP003,83,100,2128000,1917117.126,210882.874,25638.55421686747,2025,8,August,1,4,Friday,31,1,0,3,77.0,1973000.0,90.0,87.0,2235000.0,102.0,70.0,1588000.0,70.0,1748000.0,70.28571428571429,68.42857142857143,70.10714285714286,1737285.7142857143,1712214.2857142857
2025-08-02,SHOP003,64,75,1589000,1431531.538,157468.462,24828.125,2025,8,August,2,5,Saturday,31,1,1,3,83.0,2128000.0,100.0,63.0,1447000.0,69.0,69.0,1615000.0,70.0,1645000.0,69.71428571428571,69.35714285714286,70.57142857142857,1722000.0,1725785.7142857143
2025-08-03,SHOP003,78,94,2053000,1849549.558,203450.442,26320.51282051282,2025,8,August,3,6,Sunday,31,1,1,3,64.0,1589000.0,75.0,55.0,1351000.0,64.0,61.0,1412000.0,74.0,1823000.0,69.85714285714286,69.0,70.35714285714286,1742285.7142857143,1723785.7142857143
2025-08-04,SHOP003,62,67,1436000,1293693.703,142306.297,23161.290322580644,2025,8,August,4,0,Monday,32,1,0,3,78.0,2053000.0,94.0,69.0,1725000.0,81.0,63.0,1452000.0,77.0,1898000.0,73.14285714285714,70.21428571428571,70.5,1842571.4285714286,1732000.0
2025-08-05,SHOP003,76,96,2095000,1887387.395,207612.605,27565.78947368421,2025,8,August,5,1,Tuesday,32,1,0,3,62.0,1436000.0,67.0,69.0,1618000.0,79.0,80.0,2028000.0,62.0,1477000.0,72.14285714285714,70.14285714285714,69.96428571428571,1801285.7142857143,1715500.0
2025-08-06,SHOP003,68,81,1702000,1533333.341,168666.659,25029.41176470588,2025,8,August,6,2,Wednesday,32,1,0,3,76.0,2095000.0,96.0,72.0,1812000.0,87.0,64.0,1470000.0,80.0,1925000.0,73.14285714285714,69.85714285714286,70.46428571428571,1869428.5714285714,1737571.4285714286
2025-08-07,SHOP003,53,59,1232000,1109909.916,122090.084,23245.283018867925,2025,8,August,7,3,Thursday,32,1,0,3,68.0,1702000.0,81.0,77.0,1973000.0,90.0,59.0,1500000.0,64.0,1571000.0,72.57142857142857,70.14285714285714,70.03571428571429,1853714.2857142857,1729607.142857143
2025-08-08,SHOP003,71,81,1742000,1569369.379,172630.621,24535.211267605635,2025,8,August,8,4,Friday,32,2,0,3,53.0,1232000.0,59.0,83.0,2128000.0,100.0,87.0,2235000.0,88.0,2170000.0,69.14285714285714,69.71428571428571,69.64285714285714,1747857.142857143,1717500.0
2025-08-09,SHOP003,67,76,1746000,1572972.979,173027.021,26059.701492537315,2025,8,August,9,5,Saturday,32,2,1,3,71.0,1742000.0,81.0,64.0,1589000.0,75.0,63.0,1447000.0,72.0,1753000.0,67.42857142857143,68.57142857142857,69.03571428571429,1692714.2857142857,1702214.2857142857
2025-08-10,SHOP003,66,78,1662000,1497297.306,164702.694,25181.81818181818,2025,8,August,10,6,Sunday,32,2,1,3,67.0,1746000.0,76.0,78.0,2053000.0,94.0,55.0,1351000.0,70.0,1709000.0,67.85714285714286,68.85714285714286,68.85714285714286,1715142.857142857,1701964.2857142857
2025-08-11,SHOP003,61,71,1482000,1335135.143,146864.857,24295.081967213115,2025,8,August,11,0,Monday,33,2,0,3,66.0,1662000.0,78.0,62.0,1436000.0,67.0,69.0,1725000.0,54.0,1300000.0,66.14285714285714,69.64285714285714,68.71428571428571,1659285.7142857143,1700285.7142857143
2025-08-12,SHOP003,54,61,1378000,1241441.449,136558.551,25518.51851851852,2025,8,August,12,1,Tuesday,33,2,0,3,61.0,1482000.0,71.0,76.0,2095000.0,96.0,69.0,1618000.0,75.0,1873000.0,66.0,69.07142857142857,68.96428571428571,1665857.142857143,1706785.7142857143
2025-08-13,SHOP003,61,65,1314000,1183783.791,130216.209,21540.983606557376,2025,8,August,13,2,Wednesday,33,2,0,3,54.0,1378000.0,61.0,68.0,1702000.0,81.0,72.0,1812000.0,80.0,1955000.0,62.857142857142854,68.0,68.21428571428571,1563428.5714285714,1689107.142857143
2025-08-14,SHOP003,56,62,1355000,1220720.73,134279.27,24196.428571428572,2025,8,August,14,3,Thursday,33,2,0,3,61.0,1314000.0,65.0,53.0,1232000.0,59.0,77.0,1973000.0,69.0,1869000.0,61.857142857142854,67.21428571428571,67.53571428571429,1508000.0,1666214.2857142857
2025-08-15,SHOP003,65,76,1647000,1483783.795,163216.205,25338.46153846154,2025,8,August,15,4,Friday,33,3,0,3,56.0,1355000.0,62.0,71.0,1742000.0,81.0,83.0,2128000.0,70.0,1588000.0,62.285714285714285,65.71428571428571,67.07142857142857,1525571.4285714286,1647857.142857143
2025-08-16,SHOP003,65,75,1572000,1416216.225,155783.775,24184.615384615383,2025,8,August,16,5,Saturday,33,3,1,3,65.0,1647000.0,76.0,67.0,1746000.0,76.0,64.0,1589000.0,69.0,1615000.0,61.42857142857143,64.42857142857143,66.89285714285714,1512000.0,1649964.2857142857
2025-08-17,SHOP003,76,87,1950000,1756756.764,193243.236,25657.894736842107,2025,8,August,17,6,Sunday,33,3,1,3,65.0,1572000.0,75.0,66.0,1662000.0,78.0,78.0,2053000.0,61.0,1412000.0,61.142857142857146,64.5,66.75,1487142.857142857,1648428.5714285714
2025-08-18,SHOP003,57,69,1553000,1399099.105,153900.895,27245.614035087718,2025,8,August,18,0,Monday,34,3,0,3,76.0,1950000.0,87.0,61.0,1482000.0,71.0,62.0,1436000.0,63.0,1452000.0,62.57142857142857,64.35714285714286,67.28571428571429,1528285.7142857143,1667642.857142857
2025-08-19,SHOP003,50,60,1250000,1126126.134,123873.866,25000.0,2025,8,August,19,1,Tuesday,34,3,0,3,57.0,1553000.0,69.0,54.0,1378000.0,61.0,76.0,2095000.0,80.0,2028000.0,62.0,64.0,67.07142857142857,1538428.5714285714,1671250.0
2025-08-20,SHOP003,56,62,1274000,1147747.754,126252.246,22750.0,2025,8,August,20,2,Wednesday,34,3,0,3,50.0,1250000.0,60.0,61.0,1314000.0,65.0,68.0,1702000.0,64.0,1470000.0,61.42857142857143,62.142857142857146,66.0,1520142.857142857,1643464.2857142857
2025-08-21,SHOP003,58,70,1512000,1362162.169,149837.831,26068.96551724138,2025,8,August,21,3,Thursday,34,3,0,3,56.0,1274000.0,62.0,56.0,1355000.0,62.0,53.0,1232000.0,59.0,1500000.0,60.714285714285715,61.285714285714285,65.71428571428571,1514428.5714285714,1636464.2857142857
2025-08-22,SHOP003,70,80,1749000,1575675.685,173324.315,24985.714285714286,2025,8,August,22,4,Friday,34,4,0,3,58.0,1512000.0,70.0,65.0,1647000.0,76.0,71.0,1742000.0,87.0,2235000.0,61.0,61.642857142857146,65.67857142857143,1536857.142857143,1636892.857142857
2025-08-23,SHOP003,61,69,1580000,1423423.434,156576.566,25901.639344262294,2025,8,August,23,5,Saturday,34,4,1,3,70.0,1749000.0,80.0,65.0,1572000.0,75.0,67.0,1746000.0,63.0,1447000.0,61.714285714285715,61.57142857142857,65.07142857142857,1551428.5714285714,1619535.7142857143
2025-08-24,SHOP003,58,66,1441000,1298198.208,142801.792,24844.827586206895,2025,8,August,24,6,Sunday,34,4,1,3,61.0,1580000.0,69.0,76.0,1950000.0,87.0,66.0,1662000.0,55.0,1351000.0,61.142857142857146,61.142857142857146,65.0,1552571.4285714286,1624285.7142857143
2025-08-25,SHOP003,55,57,1261000,1136036.046,124963.954,22927.272727272728,2025,8,August,25,0,Monday,35,4,0,3,58.0,1441000.0,66.0,57.0,1553000.0,69.0,61.0,1482000.0,69.0,1725000.0,58.57142857142857,60.57142857142857,65.10714285714286,1479857.142857143,1627500.0
2025-08-26,SHOP003,60,71,1553000,1399099.106,153900.894,25883.333333333332,2025,8,August,26,1,Tuesday,35,4,0,3,55.0,1261000.0,57.0,50.0,1250000.0,60.0,54.0,1378000.0,69.0,1618000.0,58.285714285714285,60.142857142857146,64.60714285714286,1438142.857142857,1610928.5714285714
2025-08-27,SHOP003,68,80,1711000,1541441.452,169558.548,25161.764705882353,2025,8,August,27,2,Wednesday,35,4,0,3,60.0,1553000.0,71.0,56.0,1274000.0,62.0,61.0,1314000.0,72.0,1812000.0,59.714285714285715,60.57142857142857,64.28571428571429,1481428.5714285714,1608607.142857143
2025-08-28,SHOP003,61,70,1384000,1246846.855,137153.145,22688.524590163935,2025,8,August,28,3,Thursday,35,4,0,3,68.0,1711000.0,80.0,58.0,1512000.0,70.0,56.0,1355000.0,77.0,1973000.0,61.42857142857143,61.07142857142857,64.14285714285714,1543857.142857143,1605000.0
2025-08-29,SHOP003,65,76,1631000,1469369.375,161630.625,25092.30769230769,2025,8,August,29,4,Friday,35,5,0,3,61.0,1384000.0,70.0,70.0,1749000.0,80.0,65.0,1647000.0,83.0,2128000.0,61.857142857142854,61.42857142857143,63.57142857142857,1525571.4285714286,1583964.2857142857
2025-08-30,SHOP003,60,69,1446000,1302702.711,143297.289,24100.0,2025,8,August,30,5,Saturday,35,5,1,3,65.0,1631000.0,76.0,61.0,1580000.0,69.0,65.0,1572000.0,64.0,1589000.0,61.142857142857146,61.42857142857143,62.92857142857143,1508714.2857142857,1566214.2857142857
2025-08-31,SHOP003,68,75,1612000,1452252.263,159747.737,23705.882352941175,2025,8,August,31,6,Sunday,35,5,1,3,60.0,1446000.0,69.0,58.0,1441000.0,66.0,76.0,1950000.0,78.0,2053000.0,61.0,61.07142857142857,62.785714285714285,1489571.4285714286,1561107.142857143
2025-09-01,SHOP003,54,64,1303000,1173873.882,129126.118,24129.62962962963,2025,9,September,1,0,Monday,36,1,0,3,68.0,1612000.0,75.0,55.0,1261000.0,57.0,57.0,1553000.0,62.0,1436000.0,62.42857142857143,60.5,62.42857142857143,1514000.0,1545357.142857143
2025-09-02,SHOP003,69,80,1629000,1467567.574,161432.426,23608.695652173912,2025,9,September,2,1,Tuesday,36,1,0,3,54.0,1303000.0,64.0,60.0,1553000.0,71.0,50.0,1250000.0,76.0,2095000.0,62.285714285714285,60.285714285714285,62.142857142857146,1520000.0,1540607.142857143
2025-09-03,SHOP003,57,67,1352000,1218018.028,133981.972,23719.298245614034,2025,9,September,3,2,Wednesday,36,1,0,3,69.0,1629000.0,80.0,68.0,1711000.0,80.0,56.0,1274000.0,68.0,1702000.0,63.57142857142857,61.642857142857146,61.892857142857146,1530857.142857143,1523964.2857142857
2025-09-04,SHOP003,71,83,1845000,1662162.171,182837.829,25985.915492957745,2025,9,September,4,3,Thursday,36,1,0,3,57.0,1352000.0,67.0,61.0,1384000.0,70.0,58.0,1512000.0,53.0,1232000.0,62.0,61.714285714285715,61.5,1479571.4285714286,1511464.2857142857
2025-09-05,SHOP003,66,74,1524000,1372972.98,151027.02,23090.909090909092,2025,9,September,5,4,Friday,36,1,0,3,71.0,1845000.0,83.0,65.0,1631000.0,76.0,70.0,1749000.0,71.0,1742000.0,63.42857142857143,62.642857142857146,62.142857142857146,1545428.5714285714,1533357.142857143
2025-09-06,SHOP003,82,96,2127000,1916216.228,210783.772,25939.024390243903,2025,9,September,6,5,Saturday,36,1,1,3,66.0,1524000.0,74.0,60.0,1446000.0,69.0,61.0,1580000.0,67.0,1746000.0,63.57142857142857,62.357142857142854,61.964285714285715,1530142.857142857,1525571.4285714286
2025-09-07,SHOP003,65,76,1709000,1539639.65,169360.35,26292.30769230769,2025,9,September,7,6,Sunday,36,1,1,3,82.0,2127000.0,96.0,68.0,1612000.0,75.0,58.0,1441000.0,66.0,1662000.0,66.71428571428571,63.857142857142854,62.5,1627428.5714285714,1539178.5714285714
2025-09-08,SHOP003,56,65,1424000,1282882.891,141117.109,25428.571428571428,2025,9,September,8,0,Monday,37,2,0,3,65.0,1709000.0,76.0,54.0,1303000.0,64.0,55.0,1261000.0,61.0,1482000.0,66.28571428571429,64.35714285714286,62.464285714285715,1641285.7142857143,1540857.142857143
2025-09-09,SHOP003,62,70,1460000,1315315.322,144684.678,23548.387096774193,2025,9,September,9,1,Tuesday,37,2,0,3,56.0,1424000.0,65.0,69.0,1629000.0,80.0,60.0,1553000.0,54.0,1378000.0,66.57142857142857,64.42857142857143,62.285714285714285,1658571.4285714286,1538785.7142857143
2025-09-10,SHOP003,59,66,1358000,1223423.431,134576.569,23016.949152542373,2025,9,September,10,2,Wednesday,37,2,0,3,62.0,1460000.0,70.0,57.0,1352000.0,67.0,68.0,1711000.0,61.0,1314000.0,65.57142857142857,64.57142857142857,62.57142857142857,1634428.5714285714,1541714.2857142857
2025-09-11,SHOP003,65,74,1553000,1399099.107,153900.893,23892.30769230769,2025,9,September,11,3,Thursday,37,2,0,3,59.0,1358000.0,66.0,71.0,1845000.0,83.0,61.0,1384000.0,56.0,1355000.0,65.85714285714286,63.92857142857143,62.5,1635285.7142857143,1543285.7142857143
2025-09-12,SHOP003,62,70,1521000,1370270.279,150729.721,24532.25806451613,2025,9,September,12,4,Friday,37,2,0,3,65.0,1553000.0,74.0,66.0,1524000.0,74.0,65.0,1631000.0,65.0,1647000.0,65.0,64.21428571428571,62.82142857142857,1593571.4285714286,1550357.142857143
2025-09-13,SHOP003,57,70,1347000,1213513.518,133486.482,23631.57894736842,2025,9,September,13,5,Saturday,37,2,1,3,62.0,1521000.0,70.0,82.0,2127000.0,96.0,60.0,1446000.0,65.0,1572000.0,64.42857142857143,64.0,62.714285714285715,1593142.857142857,1545857.142857143
2025-09-14,SHOP003,65,74,1482000,1335135.141,146864.859,22800.0,2025,9,September,14,6,Sunday,37,2,1,3,57.0,1347000.0,70.0,65.0,1709000.0,76.0,68.0,1612000.0,76.0,1950000.0,60.857142857142854,63.785714285714285,62.42857142857143,1481714.2857142857,1537821.4285714286
2025-09-15,SHOP003,53,62,1348000,1214414.421,133585.579,25433.962264150945,2025,9,September,15,0,Monday,38,3,0,3,65.0,1482000.0,74.0,56.0,1424000.0,65.0,54.0,1303000.0,57.0,1553000.0,60.857142857142854,63.57142857142857,62.035714285714285,1449285.7142857143,1521107.142857143
2025-09-16,SHOP003,51,57,1142000,1028828.834,113171.166,22392.156862745098,2025,9,September,16,1,Tuesday,38,3,0,3,53.0,1348000.0,62.0,62.0,1460000.0,70.0,69.0,1629000.0,50.0,1250000.0,60.42857142857143,63.5,61.892857142857146,1438428.5714285714,1513785.7142857143
2025-09-17,SHOP003,55,60,1276000,1149549.559,126450.441,23200.0,2025,9,September,17,2,Wednesday,38,3,0,3,51.0,1142000.0,57.0,59.0,1358000.0,66.0,57.0,1352000.0,56.0,1274000.0,58.857142857142854,62.214285714285715,61.92857142857143,1393000.0,1509928.5714285714
2025-09-18,SHOP003,53,60,1233000,1110810.815,122189.185,23264.150943396227,2025,9,September,18,3,Thursday,38,3,0,3,55.0,1276000.0,60.0,65.0,1553000.0,74.0,71.0,1845000.0,58.0,1512000.0,58.285714285714285,62.07142857142857,61.892857142857146,1381285.7142857143,1510000.0
2025-09-19,SHOP003,60,71,1622000,1461261.267,160738.733,27033.333333333332,2025,9,September,19,4,Friday,38,3,0,3,53.0,1233000.0,60.0,62.0,1521000.0,70.0,66.0,1524000.0,70.0,1749000.0,56.57142857142857,60.785714285714285,61.714285714285715,1335571.4285714286,1500035.7142857143
2025-09-20,SHOP003,59,70,1508000,1358558.568,149441.432,25559.322033898305,2025,9,September,20,5,Saturday,38,3,1,3,60.0,1622000.0,71.0,57.0,1347000.0,70.0,82.0,2127000.0,61.0,1580000.0,56.285714285714285,60.357142857142854,61.357142857142854,1350000.0,1495500.0
2025-09-21,SHOP003,55,65,1422000,1281081.087,140918.913,25854.545454545456,2025,9,September,21,6,Sunday,38,3,1,3,59.0,1508000.0,70.0,65.0,1482000.0,74.0,65.0,1709000.0,58.0,1441000.0,56.57142857142857,58.714285714285715,61.285714285714285,1373000.0,1492928.5714285714
2025-09-22,SHOP003,50,59,1200000,1081081.088,118918.912,24000.0,2025,9,September,22,0,Monday,39,4,0,3,55.0,1422000.0,65.0,53.0,1348000.0,62.0,56.0,1424000.0,55.0,1261000.0,55.142857142857146,58.0,61.17857142857143,1364428.5714285714,1492250.0
2025-09-23,SHOP003,44,48,1053000,948648.657,104351.343,23931.81818181818,2025,9,September,23,1,Tuesday,39,4,0,3,50.0,1200000.0,59.0,51.0,1142000.0,57.0,62.0,1460000.0,60.0,1553000.0,54.714285714285715,57.57142857142857,61.0,1343285.7142857143,1490071.4285714286
2025-09-24,SHOP003,51,60,1249000,1125225.232,123774.768,24490.196078431374,2025,9,September,24,2,Wednesday,39,4,0,3,44.0,1053000.0,48.0,55.0,1276000.0,60.0,59.0,1358000.0,68.0,1711000.0,53.714285714285715,56.285714285714285,60.42857142857143,1330571.4285714286,1472214.2857142857
2025-09-25,SHOP003,61,66,1457000,1312612.622,144387.378,23885.245901639344,2025,9,September,25,3,Thursday,39,4,0,3,51.0,1249000.0,60.0,53.0,1233000.0,60.0,65.0,1553000.0,61.0,1384000.0,53.142857142857146,55.714285714285715,59.82142857142857,1326714.2857142857,1455714.2857142857
2025-09-26,SHOP003,60,69,1461000,1316216.227,144783.773,24350.0,2025,9,September,26,4,Friday,39,4,0,3,61.0,1457000.0,66.0,60.0,1622000.0,71.0,62.0,1521000.0,65.0,1631000.0,54.285714285714285,55.42857142857143,59.82142857142857,1358714.2857142857,1458321.4285714286
2025-09-27,SHOP003,46,55,1141000,1027927.932,113072.068,24804.347826086956,2025,9,September,27,5,Saturday,39,4,1,3,60.0,1461000.0,69.0,59.0,1508000.0,70.0,57.0,1347000.0,60.0,1446000.0,54.285714285714285,55.285714285714285,59.642857142857146,1335714.2857142857,1452250.0
2025-09-28,SHOP003,61,77,1678000,1511711.721,166288.279,27508.196721311477,2025,9,September,28,6,Sunday,39,4,1,3,46.0,1141000.0,55.0,55.0,1422000.0,65.0,65.0,1482000.0,68.0,1612000.0,52.42857142857143,54.5,59.142857142857146,1283285.7142857143,1441357.142857143
2025-09-29,SHOP003,52,57,1178000,1061261.269,116738.731,22653.846153846152,2025,9,September,29,0,Monday,40,5,0,3,61.0,1678000.0,77.0,50.0,1200000.0,59.0,53.0,1348000.0,54.0,1303000.0,53.285714285714285,54.214285714285715,58.892857142857146,1319857.142857143,1443714.2857142857
2025-09-30,SHOP003,60,70,1573000,1417117.125,155882.875,26216.666666666668,2025,9,September,30,1,Tuesday,40,5,0,3,52.0,1178000.0,57.0,44.0,1053000.0,48.0,51.0,1142000.0,69.0,1629000.0,53.57142857142857,54.142857142857146,58.82142857142857,1316714.2857142857,1439250.0
